2026-08-20 12:36:57,532 [INFO] Loaded 0 target(s) from profile 'default'.
2026-08-20 12:37:17,395 [INFO] Loaded 0 target(s) from profile 'default'.
2026-08-20 12:38:25,169 [INFO] Target 'New Target' added.
2026-08-20 12:38:32,910 [INFO] Automation started. Monitoring interval: 500 ms.
2026-08-20 12:38:42,869 [INFO] Automation paused.
2026-08-20 12:38:44,508 [INFO] Automation stopped.
2026-08-20 12:38:45,119 [INFO] Preview (no clicks) started. Monitoring interval: 500 ms.
2026-08-20 12:38:50,612 [INFO] Target "New Target" detected — confidence 1.00 at (732, 1004)
2026-08-20 12:38:51,424 [INFO] Target "New Target" detected — confidence 1.00 at (732, 1004)
2026-08-20 12:38:51,946 [INFO] Target "New Target" detected — confidence 1.00 at (732, 1004)
2026-08-20 12:38:52,416 [INFO] Target "New Target" detected — confidence 1.00 at (732, 1004)
2026-08-20 12:38:52,900 [INFO] Target "New Target" detected — confidence 1.00 at (732, 1004)
2026-08-20 12:38:53,493 [INFO] Target "New Target" detected — confidence 1.00 at (732, 1004)
2026-08-20 12:38:56,188 [INFO] Target 'New Target' added.
2026-08-20 12:39:01,430 [INFO] Target "New Target" detected — confidence 1.00 at (600, 308)
2026-08-20 12:39:02,328 [INFO] Target "New Target" detected — confidence 1.00 at (732, 1004)
2026-08-20 12:39:19,441 [INFO] Target "caca" detected — confidence 1.00 at (600, 308)
2026-08-20 12:39:23,451 [INFO] Automation paused.
2026-08-20 12:39:31,131 [INFO] Automation resumed.
2026-08-20 12:39:40,515 [INFO] Automation paused.
2026-08-20 12:39:41,269 [INFO] Automation resumed.
2026-08-20 12:39:43,612 [INFO] Automation paused.
2026-08-20 12:39:44,521 [INFO] Automation resumed.
2026-08-20 12:39:46,121 [INFO] Automation paused.
2026-08-20 12:39:47,788 [INFO] Automation stopped.
2026-08-20 12:39:49,047 [INFO] Automation started. Monitoring interval: 500 ms.
2026-08-20 12:39:53,680 [INFO] Target "test" detected — confidence 1.00 at (732, 1004)
2026-08-20 12:39:53,787 [INFO] Clicked "test" at (732, 1004)
2026-08-20 12:39:59,479 [INFO] Target "caca" detected — confidence 1.00 at (600, 308)
2026-08-20 12:39:59,593 [INFO] Clicked "caca" at (600, 308)
2026-08-20 12:40:01,154 [INFO] Target "test" detected — confidence 1.00 at (732, 1004)
2026-08-20 12:40:01,298 [INFO] Clicked "test" at (732, 1004)
2026-08-20 12:40:02,569 [INFO] Target "caca" detected — confidence 0.99 at (600, 308)
2026-08-20 12:40:02,674 [INFO] Clicked "caca" at (600, 308)
2026-08-20 12:40:03,783 [INFO] Target "test" detected — confidence 1.00 at (732, 1004)
2026-08-20 12:40:03,906 [INFO] Clicked "test" at (732, 1004)
2026-08-20 12:40:06,273 [INFO] Automation paused.
2026-08-20 12:40:09,039 [WARNING] EMERGENCY STOP triggered. All automation halted immediately.
2026-08-20 12:40:29,453 [INFO] Automation started. Monitoring interval: 500 ms.
2026-08-20 12:40:30,899 [INFO] Automation stopped.
2026-08-20 12:40:34,735 [INFO] Automation started. Monitoring interval: 500 ms.
2026-08-20 12:40:37,338 [INFO] Automation paused.
2026-08-20 12:40:38,196 [INFO] Automation resumed.
2026-08-20 12:40:39,683 [INFO] Automation paused.
2026-08-20 12:40:40,412 [INFO] Automation stopped.
2026-08-20 12:40:41,125 [INFO] Automation started. Monitoring interval: 500 ms.
2026-08-20 12:40:41,188 [INFO] Automation paused.
2026-08-20 12:40:41,782 [INFO] Automation resumed.
2026-08-20 12:40:42,449 [INFO] Automation paused.
2026-08-20 12:41:10,178 [INFO] Target 'test' deleted.
2026-08-20 12:41:13,178 [INFO] Target 'caca' deleted.
2026-08-20 12:45:27,215 [INFO] Target 'New Target' added.
2026-08-20 12:46:24,127 [INFO] Target 'New Target' added.
2026-08-20 12:46:34,184 [INFO] Automation resumed.
2026-08-20 12:46:40,470 [INFO] Automation paused.
2026-08-20 12:46:45,595 [INFO] Target 'New Target' added.
2026-08-20 12:46:47,437 [INFO] Automation resumed.
2026-08-20 12:46:49,342 [INFO] Target "New Target" detected — confidence 1.00 at (811, 921)
2026-08-20 12:46:49,449 [INFO] Clicked "New Target" at (811, 921)
2026-08-20 12:46:50,121 [INFO] Target "New Target" detected — confidence 0.85 at (819, 925)
2026-08-20 12:46:50,223 [INFO] Clicked "New Target" at (819, 925)
2026-08-20 12:46:52,075 [INFO] Target "New Target" detected — confidence 1.00 at (811, 921)
2026-08-20 12:46:52,178 [INFO] Clicked "New Target" at (811, 921)
2026-08-20 12:46:52,913 [INFO] Target "New Target" detected — confidence 0.85 at (819, 925)
2026-08-20 12:46:53,015 [INFO] Clicked "New Target" at (819, 925)
2026-08-20 12:47:03,418 [INFO] Target "New Target" detected — confidence 1.00 at (811, 921)
2026-08-20 12:47:03,531 [INFO] Clicked "New Target" at (811, 921)
2026-08-20 12:47:04,321 [INFO] Target "New Target" detected — confidence 0.85 at (819, 925)
2026-08-20 12:47:04,424 [INFO] Clicked "New Target" at (819, 925)
2026-08-20 12:47:06,261 [INFO] Target "New Target" detected — confidence 1.00 at (811, 921)
2026-08-20 12:47:06,382 [INFO] Clicked "New Target" at (811, 921)
2026-08-20 12:47:07,143 [INFO] Target "New Target" detected — confidence 0.85 at (819, 925)
2026-08-20 12:47:07,248 [INFO] Clicked "New Target" at (819, 925)
2026-08-20 12:47:07,566 [INFO] Automation paused.
2026-08-20 12:52:42,461 [INFO] Target 'New Target' deleted.
2026-08-20 12:52:44,584 [INFO] Target 'New Target' deleted.
2026-08-20 12:52:47,128 [INFO] Target 'New Target' deleted.
2026-08-20 12:52:48,152 [INFO] Automation stopped.
2026-08-20 12:52:59,061 [INFO] Loaded 0 target(s) from profile 'default'.
2026-08-20 12:54:18,502 [INFO] Target 'New Target' added.
2026-08-20 12:54:39,444 [INFO] Target 'New Target' added.
2026-08-20 12:54:42,863 [INFO] Automation started. Monitoring interval: 500 ms.
2026-08-20 12:54:45,006 [INFO] Target "New Target" detected — confidence 1.00 at (856, 869)
2026-08-20 12:54:45,126 [INFO] Clicked "New Target" at (856, 869)
2026-08-20 12:54:53,587 [INFO] Target "New Target" detected — confidence 0.99 at (854, 932)
2026-08-20 12:54:53,691 [INFO] Clicked "New Target" at (854, 932)
2026-08-20 12:55:17,914 [INFO] Target "New Target" detected — confidence 0.99 at (856, 869)
2026-08-20 12:55:18,026 [INFO] Clicked "New Target" at (856, 869)
2026-08-20 12:55:27,614 [INFO] Automation paused.
2026-08-20 12:59:22,383 [INFO] Automation stopped.
2026-08-20 13:01:22,609 [INFO] Loaded 2 target(s) from profile 'default'.
2026-08-20 13:01:26,361 [INFO] Automation started. Monitoring interval: 500 ms.
2026-08-20 13:01:27,583 [INFO] Automation paused.
2026-08-20 13:01:34,265 [INFO] Target 'New Target' deleted.
2026-08-20 13:01:37,315 [INFO] Target 'New Target' deleted.
2026-08-20 13:02:02,945 [INFO] Target 'New Target' added.
2026-08-20 13:02:20,530 [INFO] Target 'New Target' added.
2026-08-20 13:02:24,448 [INFO] Automation resumed.
2026-08-20 13:02:25,037 [INFO] Target "New Target" detected — confidence 0.98 at (1066, 1087)
2026-08-20 13:02:25,156 [INFO] Clicked "New Target" at (1066, 1087)
2026-08-20 13:02:26,095 [INFO] Target "New Target" detected — confidence 0.87 at (1070, 1058)
2026-08-20 13:02:26,205 [INFO] Clicked "New Target" at (1070, 1058)
2026-08-20 13:02:28,577 [INFO] Target "New Target" detected — confidence 1.00 at (1074, 1160)
2026-08-20 13:02:28,679 [INFO] Clicked "New Target" at (1074, 1160)
2026-08-20 13:02:30,972 [INFO] Target "New Target" detected — confidence 1.00 at (1074, 1160)
2026-08-20 13:02:31,088 [INFO] Clicked "New Target" at (1074, 1160)
2026-08-20 13:02:50,365 [INFO] Target 'New Target' added.
2026-08-20 13:02:51,223 [INFO] Target "New Target" detected — confidence 0.96 at (1056, 1091)
2026-08-20 13:02:51,338 [INFO] Clicked "New Target" at (1056, 1091)
2026-08-20 13:02:54,189 [INFO] Target "New Target" detected — confidence 0.86 at (1070, 1058)
2026-08-20 13:02:54,304 [INFO] Clicked "New Target" at (1070, 1058)
2026-08-20 13:02:57,553 [INFO] Target "New Target" detected — confidence 1.00 at (1074, 1160)
2026-08-20 13:02:57,656 [INFO] Clicked "New Target" at (1074, 1160)
2026-08-20 13:03:10,025 [INFO] Target "New Target" detected — confidence 0.94 at (1056, 1095)
2026-08-20 13:03:10,137 [INFO] Clicked "New Target" at (1056, 1095)
2026-08-20 13:03:12,863 [INFO] Target "New Target" detected — confidence 1.00 at (1074, 1160)
2026-08-20 13:03:12,966 [INFO] Clicked "New Target" at (1074, 1160)
2026-08-20 13:03:25,234 [INFO] Target "New Target" detected — confidence 0.89 at (1056, 1095)
2026-08-20 13:03:25,354 [INFO] Clicked "New Target" at (1056, 1095)
2026-08-20 13:03:25,946 [INFO] Automation paused.
2026-08-20 13:07:40,208 [INFO] Target 'New Target' added.
2026-08-20 13:07:48,318 [INFO] Target 'New Target' added.
2026-08-20 13:07:55,181 [INFO] Automation resumed.
2026-08-20 13:07:56,416 [INFO] Target "New Target" detected — confidence 0.99 at (1074, 1160)
2026-08-20 13:07:56,535 [INFO] Clicked "New Target" at (1074, 1160)
2026-08-20 13:08:05,001 [INFO] Target "New Target" detected — confidence 1.00 at (1075, 1132)
2026-08-20 13:08:05,116 [INFO] Clicked "New Target" at (1075, 1132)
2026-08-20 13:08:08,529 [INFO] Target "New Target" detected — confidence 0.97 at (1061, 866)
2026-08-20 13:08:08,650 [INFO] Clicked "New Target" at (1061, 866)
2026-08-20 13:08:11,506 [INFO] Target "New Target" detected — confidence 1.00 at (1074, 1160)
2026-08-20 13:08:11,608 [INFO] Clicked "New Target" at (1074, 1160)
2026-08-20 13:08:20,765 [INFO] Target "New Target" detected — confidence 1.00 at (1075, 1132)
2026-08-20 13:08:20,883 [INFO] Clicked "New Target" at (1075, 1132)
2026-08-20 13:08:23,820 [INFO] Target "New Target" detected — confidence 1.00 at (1061, 866)
2026-08-20 13:08:23,922 [INFO] Clicked "New Target" at (1061, 866)
2026-08-20 13:08:27,303 [INFO] Target "New Target" detected — confidence 1.00 at (1074, 1160)
2026-08-20 13:08:27,416 [INFO] Clicked "New Target" at (1074, 1160)
2026-08-20 13:08:36,096 [INFO] Target "New Target" detected — confidence 1.00 at (1075, 1132)
2026-08-20 13:08:36,199 [INFO] Clicked "New Target" at (1075, 1132)
2026-08-20 13:08:39,091 [INFO] Target "New Target" detected — confidence 1.00 at (1061, 866)
2026-08-20 13:08:39,193 [INFO] Clicked "New Target" at (1061, 866)
2026-08-20 13:08:42,157 [INFO] Target "New Target" detected — confidence 1.00 at (1074, 1160)
2026-08-20 13:08:42,260 [INFO] Clicked "New Target" at (1074, 1160)
2026-08-20 13:08:50,600 [INFO] Target "New Target" detected — confidence 1.00 at (1075, 1132)
2026-08-20 13:08:50,716 [INFO] Clicked "New Target" at (1075, 1132)
2026-08-20 13:08:53,738 [INFO] Target "New Target" detected — confidence 0.99 at (1061, 866)
2026-08-20 13:08:53,841 [INFO] Clicked "New Target" at (1061, 866)
2026-08-20 13:08:56,759 [INFO] Target "New Target" detected — confidence 1.00 at (1074, 1160)
2026-08-20 13:08:56,862 [INFO] Clicked "New Target" at (1074, 1160)
2026-08-20 13:09:05,264 [INFO] Target "New Target" detected — confidence 1.00 at (1075, 1132)
2026-08-20 13:09:05,366 [INFO] Clicked "New Target" at (1075, 1132)
2026-08-20 13:09:08,246 [INFO] Target "New Target" detected — confidence 1.00 at (1061, 866)
2026-08-20 13:09:08,349 [INFO] Clicked "New Target" at (1061, 866)
2026-08-20 13:09:11,231 [INFO] Target "New Target" detected — confidence 1.00 at (1074, 1160)
2026-08-20 13:09:11,332 [INFO] Clicked "New Target" at (1074, 1160)
2026-08-20 13:09:19,749 [INFO] Target "New Target" detected — confidence 1.00 at (1075, 1132)
2026-08-20 13:09:19,866 [INFO] Clicked "New Target" at (1075, 1132)
2026-08-20 13:09:22,694 [INFO] Target "New Target" detected — confidence 1.00 at (1061, 866)
2026-08-20 13:09:22,795 [INFO] Clicked "New Target" at (1061, 866)
2026-08-20 13:09:26,162 [INFO] Target "New Target" detected — confidence 1.00 at (1074, 1160)
2026-08-20 13:09:26,265 [INFO] Clicked "New Target" at (1074, 1160)
2026-08-20 13:09:34,489 [INFO] Target "New Target" detected — confidence 1.00 at (1075, 1132)
2026-08-20 13:09:34,599 [INFO] Clicked "New Target" at (1075, 1132)
2026-08-20 13:09:37,558 [INFO] Target "New Target" detected — confidence 1.00 at (1061, 866)
2026-08-20 13:09:37,660 [INFO] Clicked "New Target" at (1061, 866)
2026-08-20 13:09:40,464 [INFO] Target "New Target" detected — confidence 1.00 at (1074, 1160)
2026-08-20 13:09:40,567 [INFO] Clicked "New Target" at (1074, 1160)
2026-08-20 13:09:47,757 [INFO] Target "New Target" detected — confidence 1.00 at (1075, 1132)
2026-08-20 13:09:47,865 [INFO] Clicked "New Target" at (1075, 1132)
2026-08-20 13:09:50,702 [INFO] Target "New Target" detected — confidence 1.00 at (1061, 866)
2026-08-20 13:09:50,803 [INFO] Clicked "New Target" at (1061, 866)
2026-08-20 13:09:53,782 [INFO] Target "New Target" detected — confidence 1.00 at (1074, 1160)
2026-08-20 13:09:53,883 [INFO] Clicked "New Target" at (1074, 1160)
2026-08-20 13:10:02,407 [INFO] Target "New Target" detected — confidence 1.00 at (1075, 1132)
2026-08-20 13:10:02,515 [INFO] Clicked "New Target" at (1075, 1132)
2026-08-20 13:10:05,542 [INFO] Target "New Target" detected — confidence 1.00 at (1061, 866)
2026-08-20 13:10:05,645 [INFO] Clicked "New Target" at (1061, 866)
2026-08-20 13:10:08,621 [INFO] Target "New Target" detected — confidence 1.00 at (1074, 1160)
2026-08-20 13:10:08,723 [INFO] Clicked "New Target" at (1074, 1160)
2026-08-20 13:10:17,567 [INFO] Target "New Target" detected — confidence 1.00 at (1075, 1132)
2026-08-20 13:10:17,682 [INFO] Clicked "New Target" at (1075, 1132)
2026-08-20 13:10:20,629 [INFO] Target "New Target" detected — confidence 1.00 at (1061, 866)
2026-08-20 13:10:20,732 [INFO] Clicked "New Target" at (1061, 866)
2026-08-20 13:10:23,790 [INFO] Target "New Target" detected — confidence 1.00 at (1074, 1160)
2026-08-20 13:10:23,892 [INFO] Clicked "New Target" at (1074, 1160)
2026-08-20 13:10:32,571 [INFO] Target "New Target" detected — confidence 1.00 at (1075, 1132)
2026-08-20 13:10:32,681 [INFO] Clicked "New Target" at (1075, 1132)
2026-08-20 13:10:35,728 [INFO] Target "New Target" detected — confidence 0.99 at (1061, 866)
2026-08-20 13:10:35,831 [INFO] Clicked "New Target" at (1061, 866)
2026-08-20 13:10:38,611 [INFO] Target "New Target" detected — confidence 1.00 at (1074, 1160)
2026-08-20 13:10:38,713 [INFO] Clicked "New Target" at (1074, 1160)
2026-08-20 13:10:47,216 [INFO] Target "New Target" detected — confidence 1.00 at (1075, 1132)
2026-08-20 13:10:47,331 [INFO] Clicked "New Target" at (1075, 1132)
2026-08-20 13:10:50,303 [INFO] Target "New Target" detected — confidence 0.99 at (1061, 866)
2026-08-20 13:10:50,405 [INFO] Clicked "New Target" at (1061, 866)
2026-08-20 13:10:53,456 [INFO] Target "New Target" detected — confidence 1.00 at (1074, 1160)
2026-08-20 13:10:53,563 [INFO] Clicked "New Target" at (1074, 1160)
2026-08-20 13:11:01,975 [INFO] Target "New Target" detected — confidence 1.00 at (1075, 1132)
2026-08-20 13:11:02,077 [INFO] Clicked "New Target" at (1075, 1132)
2026-08-20 13:11:05,051 [INFO] Target "New Target" detected — confidence 0.99 at (1061, 866)
2026-08-20 13:11:05,153 [INFO] Clicked "New Target" at (1061, 866)
2026-08-20 13:11:08,066 [INFO] Target "New Target" detected — confidence 1.00 at (1074, 1160)
2026-08-20 13:11:08,169 [INFO] Clicked "New Target" at (1074, 1160)
2026-08-20 13:11:16,890 [INFO] Target "New Target" detected — confidence 1.00 at (1075, 1132)
2026-08-20 13:11:16,997 [INFO] Clicked "New Target" at (1075, 1132)
2026-08-20 13:11:19,991 [INFO] Target "New Target" detected — confidence 0.99 at (1061, 866)
2026-08-20 13:11:20,093 [INFO] Clicked "New Target" at (1061, 866)
2026-08-20 13:11:23,125 [INFO] Target "New Target" detected — confidence 1.00 at (1074, 1160)
2026-08-20 13:11:23,227 [INFO] Clicked "New Target" at (1074, 1160)
2026-08-20 13:11:31,808 [INFO] Target "New Target" detected — confidence 1.00 at (1075, 1132)
2026-08-20 13:11:31,915 [INFO] Clicked "New Target" at (1075, 1132)
2026-08-20 13:11:34,898 [INFO] Target "New Target" detected — confidence 0.99 at (1061, 866)
2026-08-20 13:11:35,000 [INFO] Clicked "New Target" at (1061, 866)
2026-08-20 13:11:37,995 [INFO] Target "New Target" detected — confidence 1.00 at (1074, 1160)
2026-08-20 13:11:38,098 [INFO] Clicked "New Target" at (1074, 1160)
2026-08-20 13:11:46,815 [INFO] Target "New Target" detected — confidence 1.00 at (1075, 1132)
2026-08-20 13:11:46,930 [INFO] Clicked "New Target" at (1075, 1132)
2026-08-20 13:11:49,856 [INFO] Target "New Target" detected — confidence 1.00 at (1061, 866)
2026-08-20 13:11:49,959 [INFO] Clicked "New Target" at (1061, 866)
2026-08-20 13:11:52,866 [INFO] Target "New Target" detected — confidence 1.00 at (1074, 1160)
2026-08-20 13:11:52,968 [INFO] Clicked "New Target" at (1074, 1160)
2026-08-20 13:12:01,769 [INFO] Target "New Target" detected — confidence 1.00 at (1075, 1132)
2026-08-20 13:12:01,881 [INFO] Clicked "New Target" at (1075, 1132)
2026-08-20 13:12:05,288 [INFO] Target "New Target" detected — confidence 0.98 at (1061, 866)
2026-08-20 13:12:05,391 [INFO] Clicked "New Target" at (1061, 866)
2026-08-20 13:12:08,274 [INFO] Target "New Target" detected — confidence 1.00 at (1074, 1160)
2026-08-20 13:12:08,375 [INFO] Clicked "New Target" at (1074, 1160)
2026-08-20 13:12:17,575 [INFO] Target "New Target" detected — confidence 1.00 at (1075, 1132)
2026-08-20 13:12:17,681 [INFO] Clicked "New Target" at (1075, 1132)
2026-08-20 13:12:21,211 [INFO] Target "New Target" detected — confidence 0.98 at (1061, 866)
2026-08-20 13:12:21,314 [INFO] Clicked "New Target" at (1061, 866)
2026-08-20 13:12:24,832 [INFO] Target "New Target" detected — confidence 1.00 at (1074, 1160)
2026-08-20 13:12:24,948 [INFO] Clicked "New Target" at (1074, 1160)
2026-08-20 13:12:34,105 [INFO] Target "New Target" detected — confidence 1.00 at (1075, 1132)
2026-08-20 13:12:34,213 [INFO] Clicked "New Target" at (1075, 1132)
2026-08-20 13:12:37,154 [INFO] Target "New Target" detected — confidence 1.00 at (1061, 866)
2026-08-20 13:12:37,257 [INFO] Clicked "New Target" at (1061, 866)
2026-08-20 13:12:40,237 [INFO] Target "New Target" detected — confidence 1.00 at (1074, 1160)
2026-08-20 13:12:40,340 [INFO] Clicked "New Target" at (1074, 1160)
2026-08-20 13:12:48,798 [INFO] Target "New Target" detected — confidence 1.00 at (1075, 1132)
2026-08-20 13:12:48,913 [INFO] Clicked "New Target" at (1075, 1132)
2026-08-20 13:12:51,934 [INFO] Target "New Target" detected — confidence 0.99 at (1061, 866)
2026-08-20 13:12:52,037 [INFO] Clicked "New Target" at (1061, 866)
2026-08-20 13:12:54,864 [INFO] Target "New Target" detected — confidence 1.00 at (1074, 1160)
2026-08-20 13:12:54,965 [INFO] Clicked "New Target" at (1074, 1160)
2026-08-20 13:13:03,098 [INFO] Target "New Target" detected — confidence 1.00 at (1075, 1132)
2026-08-20 13:13:03,201 [INFO] Clicked "New Target" at (1075, 1132)
2026-08-20 13:13:06,159 [INFO] Target "New Target" detected — confidence 0.99 at (1061, 866)
2026-08-20 13:13:06,261 [INFO] Clicked "New Target" at (1061, 866)
2026-08-20 13:13:09,221 [INFO] Target "New Target" detected — confidence 1.00 at (1074, 1160)
2026-08-20 13:13:09,324 [INFO] Clicked "New Target" at (1074, 1160)
2026-08-20 13:13:17,825 [INFO] Target "New Target" detected — confidence 1.00 at (1075, 1132)
2026-08-20 13:13:17,929 [INFO] Clicked "New Target" at (1075, 1132)
2026-08-20 13:13:20,880 [INFO] Target "New Target" detected — confidence 1.00 at (1061, 866)
2026-08-20 13:13:20,983 [INFO] Clicked "New Target" at (1061, 866)
2026-08-20 13:13:23,954 [INFO] Target "New Target" detected — confidence 1.00 at (1074, 1160)
2026-08-20 13:13:24,057 [INFO] Clicked "New Target" at (1074, 1160)
2026-08-20 13:13:33,311 [INFO] Target "New Target" detected — confidence 1.00 at (1075, 1132)
2026-08-20 13:13:33,430 [INFO] Clicked "New Target" at (1075, 1132)
2026-08-20 13:13:36,414 [INFO] Target "New Target" detected — confidence 0.99 at (1061, 866)
2026-08-20 13:13:36,517 [INFO] Clicked "New Target" at (1061, 866)
2026-08-20 13:13:39,479 [INFO] Target "New Target" detected — confidence 1.00 at (1074, 1160)
2026-08-20 13:13:39,582 [INFO] Clicked "New Target" at (1074, 1160)
2026-08-20 13:13:48,122 [INFO] Target "New Target" detected — confidence 1.00 at (1075, 1132)
2026-08-20 13:13:48,230 [INFO] Clicked "New Target" at (1075, 1132)
2026-08-20 13:13:51,281 [INFO] Target "New Target" detected — confidence 0.99 at (1061, 866)
2026-08-20 13:13:51,384 [INFO] Clicked "New Target" at (1061, 866)
2026-08-20 13:13:54,279 [INFO] Target "New Target" detected — confidence 1.00 at (1074, 1160)
2026-08-20 13:13:54,381 [INFO] Clicked "New Target" at (1074, 1160)
2026-08-20 13:14:03,335 [INFO] Target "New Target" detected — confidence 1.00 at (1075, 1132)
2026-08-20 13:14:03,446 [INFO] Clicked "New Target" at (1075, 1132)
2026-08-20 13:14:06,368 [INFO] Target "New Target" detected — confidence 1.00 at (1061, 866)
2026-08-20 13:14:06,470 [INFO] Clicked "New Target" at (1061, 866)
2026-08-20 13:14:09,455 [INFO] Target "New Target" detected — confidence 1.00 at (1074, 1160)
2026-08-20 13:14:09,557 [INFO] Clicked "New Target" at (1074, 1160)
2026-08-20 13:14:18,185 [INFO] Target "New Target" detected — confidence 1.00 at (1075, 1132)
2026-08-20 13:14:18,295 [INFO] Clicked "New Target" at (1075, 1132)
2026-08-20 13:14:21,325 [INFO] Target "New Target" detected — confidence 0.99 at (1061, 866)
2026-08-20 13:14:21,426 [INFO] Clicked "New Target" at (1061, 866)
2026-08-20 13:14:24,327 [INFO] Target "New Target" detected — confidence 1.00 at (1074, 1160)
2026-08-20 13:14:24,429 [INFO] Clicked "New Target" at (1074, 1160)
2026-08-20 13:14:33,535 [INFO] Target "New Target" detected — confidence 1.00 at (1075, 1132)
2026-08-20 13:14:33,646 [INFO] Clicked "New Target" at (1075, 1132)
2026-08-20 13:14:36,535 [INFO] Target "New Target" detected — confidence 1.00 at (1061, 866)
2026-08-20 13:14:36,637 [INFO] Clicked "New Target" at (1061, 866)
2026-08-20 13:14:40,065 [INFO] Target "New Target" detected — confidence 1.00 at (1074, 1160)
2026-08-20 13:14:40,169 [INFO] Clicked "New Target" at (1074, 1160)
2026-08-20 13:14:48,664 [INFO] Target "New Target" detected — confidence 1.00 at (1075, 1132)
2026-08-20 13:14:48,779 [INFO] Clicked "New Target" at (1075, 1132)
2026-08-20 13:14:52,126 [INFO] Target "New Target" detected — confidence 0.98 at (1061, 866)
2026-08-20 13:14:52,230 [INFO] Clicked "New Target" at (1061, 866)
2026-08-20 13:14:55,156 [INFO] Target "New Target" detected — confidence 1.00 at (1074, 1160)
2026-08-20 13:14:55,259 [INFO] Clicked "New Target" at (1074, 1160)
2026-08-20 13:15:04,380 [INFO] Target "New Target" detected — confidence 1.00 at (1075, 1132)
2026-08-20 13:15:04,483 [INFO] Clicked "New Target" at (1075, 1132)
2026-08-20 13:15:07,501 [INFO] Target "New Target" detected — confidence 1.00 at (1061, 866)
2026-08-20 13:15:07,604 [INFO] Clicked "New Target" at (1061, 866)
2026-08-20 13:15:11,026 [INFO] Target "New Target" detected — confidence 1.00 at (1074, 1160)
2026-08-20 13:15:11,128 [INFO] Clicked "New Target" at (1074, 1160)
2026-08-20 13:15:19,991 [INFO] Target "New Target" detected — confidence 1.00 at (1075, 1132)
2026-08-20 13:15:20,095 [INFO] Clicked "New Target" at (1075, 1132)
2026-08-20 13:15:22,982 [INFO] Target "New Target" detected — confidence 1.00 at (1061, 866)
2026-08-20 13:15:23,084 [INFO] Clicked "New Target" at (1061, 866)
2026-08-20 13:15:26,118 [INFO] Target "New Target" detected — confidence 1.00 at (1074, 1160)
2026-08-20 13:15:26,228 [INFO] Clicked "New Target" at (1074, 1160)
2026-08-20 13:15:34,938 [INFO] Target "New Target" detected — confidence 1.00 at (1075, 1134)
2026-08-20 13:15:35,045 [INFO] Clicked "New Target" at (1075, 1134)
2026-08-20 13:15:38,101 [INFO] Target "New Target" detected — confidence 0.99 at (1061, 866)
2026-08-20 13:15:38,203 [INFO] Clicked "New Target" at (1061, 866)
2026-08-20 13:15:41,223 [INFO] Target "New Target" detected — confidence 1.00 at (1074, 1160)
2026-08-20 13:15:41,326 [INFO] Clicked "New Target" at (1074, 1160)
2026-08-20 13:15:50,698 [INFO] Target "New Target" detected — confidence 1.00 at (1075, 1132)
2026-08-20 13:15:50,812 [INFO] Clicked "New Target" at (1075, 1132)
2026-08-20 13:15:53,793 [INFO] Target "New Target" detected — confidence 1.00 at (1061, 866)
2026-08-20 13:15:53,896 [INFO] Clicked "New Target" at (1061, 866)
2026-08-20 13:15:57,295 [INFO] Target "New Target" detected — confidence 1.00 at (1074, 1160)
2026-08-20 13:15:57,411 [INFO] Clicked "New Target" at (1074, 1160)
2026-08-20 13:16:06,046 [INFO] Target "New Target" detected — confidence 1.00 at (1075, 1132)
2026-08-20 13:16:06,161 [INFO] Clicked "New Target" at (1075, 1132)
2026-08-20 13:16:09,589 [INFO] Target "New Target" detected — confidence 0.98 at (1061, 866)
2026-08-20 13:16:09,690 [INFO] Clicked "New Target" at (1061, 866)
2026-08-20 13:16:12,534 [INFO] Target "New Target" detected — confidence 1.00 at (1074, 1160)
2026-08-20 13:16:12,635 [INFO] Clicked "New Target" at (1074, 1160)
2026-08-20 13:16:21,284 [INFO] Target "New Target" detected — confidence 1.00 at (1075, 1132)
2026-08-20 13:16:21,395 [INFO] Clicked "New Target" at (1075, 1132)
2026-08-20 13:16:24,347 [INFO] Target "New Target" detected — confidence 1.00 at (1061, 866)
2026-08-20 13:16:24,449 [INFO] Clicked "New Target" at (1061, 866)
2026-08-20 13:16:27,875 [INFO] Target "New Target" detected — confidence 1.00 at (1074, 1160)
2026-08-20 13:16:27,994 [INFO] Clicked "New Target" at (1074, 1160)
2026-08-20 13:16:36,553 [INFO] Target "New Target" detected — confidence 1.00 at (1075, 1132)
2026-08-20 13:16:36,661 [INFO] Clicked "New Target" at (1075, 1132)
2026-08-20 13:16:39,998 [INFO] Target "New Target" detected — confidence 0.98 at (1061, 866)
2026-08-20 13:16:40,099 [INFO] Clicked "New Target" at (1061, 866)
2026-08-20 13:16:43,089 [INFO] Target "New Target" detected — confidence 1.00 at (1074, 1160)
2026-08-20 13:16:43,190 [INFO] Clicked "New Target" at (1074, 1160)
2026-08-20 13:16:53,294 [INFO] Target "New Target" detected — confidence 1.00 at (1075, 1132)
2026-08-20 13:16:53,410 [INFO] Clicked "New Target" at (1075, 1132)
2026-08-20 13:16:56,355 [INFO] Target "New Target" detected — confidence 1.00 at (1061, 866)
2026-08-20 13:16:56,457 [INFO] Clicked "New Target" at (1061, 866)
2026-08-20 13:16:59,318 [INFO] Target "New Target" detected — confidence 1.00 at (1074, 1160)
2026-08-20 13:16:59,421 [INFO] Clicked "New Target" at (1074, 1160)
2026-08-20 13:17:08,232 [INFO] Target "New Target" detected — confidence 1.00 at (1075, 1132)
2026-08-20 13:17:08,334 [INFO] Clicked "New Target" at (1075, 1132)
2026-08-20 13:17:11,277 [INFO] Target "New Target" detected — confidence 1.00 at (1061, 866)
2026-08-20 13:17:11,379 [INFO] Clicked "New Target" at (1061, 866)
2026-08-20 13:17:14,874 [INFO] Target "New Target" detected — confidence 1.00 at (1074, 1160)
2026-08-20 13:17:14,994 [INFO] Clicked "New Target" at (1074, 1160)
2026-08-20 13:17:24,153 [INFO] Target "New Target" detected — confidence 1.00 at (1075, 1132)
2026-08-20 13:17:24,260 [INFO] Clicked "New Target" at (1075, 1132)
2026-08-20 13:17:27,625 [INFO] Target "New Target" detected — confidence 0.98 at (1061, 866)
2026-08-20 13:17:27,743 [INFO] Clicked "New Target" at (1061, 866)
2026-08-20 13:17:30,770 [INFO] Target "New Target" detected — confidence 1.00 at (1074, 1160)
2026-08-20 13:17:30,877 [INFO] Clicked "New Target" at (1074, 1160)
2026-08-20 13:17:42,981 [INFO] Target "New Target" detected — confidence 1.00 at (1075, 1132)
2026-08-20 13:17:43,083 [INFO] Clicked "New Target" at (1075, 1132)
2026-08-20 13:17:46,184 [INFO] Target "New Target" detected — confidence 0.99 at (1061, 866)
2026-08-20 13:17:46,293 [INFO] Clicked "New Target" at (1061, 866)
2026-08-20 13:17:49,753 [INFO] Target "New Target" detected — confidence 1.00 at (1074, 1160)
2026-08-20 13:17:49,855 [INFO] Clicked "New Target" at (1074, 1160)
2026-08-20 13:17:58,278 [INFO] Target "New Target" detected — confidence 0.86 at (1077, 1106)
2026-08-20 13:17:58,393 [INFO] Clicked "New Target" at (1077, 1106)
2026-08-20 13:18:01,844 [INFO] Target "New Target" detected — confidence 0.98 at (1061, 866)
2026-08-20 13:18:01,959 [INFO] Clicked "New Target" at (1061, 866)
2026-08-20 13:18:04,795 [INFO] Target "New Target" detected — confidence 1.00 at (1074, 1160)
2026-08-20 13:18:04,897 [INFO] Clicked "New Target" at (1074, 1160)
2026-08-20 13:18:15,821 [INFO] Target "New Target" detected — confidence 1.00 at (1075, 1132)
2026-08-20 13:18:15,926 [INFO] Clicked "New Target" at (1075, 1132)
2026-08-20 13:18:43,710 [INFO] Target "New Target" detected — confidence 0.99 at (1061, 866)
2026-08-20 13:18:43,825 [INFO] Clicked "New Target" at (1061, 866)
2026-08-20 13:18:46,834 [INFO] Target "New Target" detected — confidence 1.00 at (1074, 1160)
2026-08-20 13:18:46,943 [INFO] Clicked "New Target" at (1074, 1160)
2026-08-20 13:18:57,838 [INFO] Target "New Target" detected — confidence 1.00 at (1075, 1132)
2026-08-20 13:18:57,941 [INFO] Clicked "New Target" at (1075, 1132)
2026-08-20 13:19:01,392 [INFO] Target "New Target" detected — confidence 0.98 at (1061, 866)
2026-08-20 13:19:01,495 [INFO] Clicked "New Target" at (1061, 866)
2026-08-20 13:19:04,497 [INFO] Target "New Target" detected — confidence 1.00 at (1074, 1160)
2026-08-20 13:19:04,600 [INFO] Clicked "New Target" at (1074, 1160)
2026-08-20 13:19:17,599 [INFO] Target "New Target" detected — confidence 1.00 at (1075, 1132)
2026-08-20 13:19:17,708 [INFO] Clicked "New Target" at (1075, 1132)
2026-08-20 13:19:20,685 [INFO] Target "New Target" detected — confidence 0.99 at (1061, 866)
2026-08-20 13:19:20,789 [INFO] Clicked "New Target" at (1061, 866)
2026-08-20 13:19:23,803 [INFO] Target "New Target" detected — confidence 1.00 at (1074, 1160)
2026-08-20 13:19:23,905 [INFO] Clicked "New Target" at (1074, 1160)
2026-08-20 13:19:34,983 [INFO] Target "New Target" detected — confidence 1.00 at (1075, 1132)
2026-08-20 13:19:35,092 [INFO] Clicked "New Target" at (1075, 1132)
2026-08-20 13:19:38,086 [INFO] Target "New Target" detected — confidence 0.99 at (1061, 866)
2026-08-20 13:19:38,189 [INFO] Clicked "New Target" at (1061, 866)
2026-08-20 13:19:41,277 [INFO] Target "New Target" detected — confidence 1.00 at (1074, 1160)
2026-08-20 13:19:41,379 [INFO] Clicked "New Target" at (1074, 1160)
2026-08-20 13:19:55,929 [INFO] Target "New Target" detected — confidence 1.00 at (1075, 1132)
2026-08-20 13:19:56,042 [INFO] Clicked "New Target" at (1075, 1132)
2026-08-20 13:19:59,131 [INFO] Target "New Target" detected — confidence 0.99 at (1061, 866)
2026-08-20 13:19:59,233 [INFO] Clicked "New Target" at (1061, 866)
2026-08-20 13:20:02,671 [INFO] Target "New Target" detected — confidence 1.00 at (1074, 1160)
2026-08-20 13:20:02,775 [INFO] Clicked "New Target" at (1074, 1160)
2026-08-20 13:20:17,389 [INFO] Target "New Target" detected — confidence 1.00 at (1075, 1132)
2026-08-20 13:20:17,508 [INFO] Clicked "New Target" at (1075, 1132)
2026-08-20 13:20:20,527 [INFO] Target "New Target" detected — confidence 0.99 at (1061, 866)
2026-08-20 13:20:20,628 [INFO] Clicked "New Target" at (1061, 866)
2026-08-20 13:20:24,012 [INFO] Target "New Target" detected — confidence 1.00 at (1074, 1160)
2026-08-20 13:20:24,113 [INFO] Clicked "New Target" at (1074, 1160)
2026-08-20 13:20:34,714 [INFO] Target "New Target" detected — confidence 1.00 at (1075, 1132)
2026-08-20 13:20:34,825 [INFO] Clicked "New Target" at (1075, 1132)
2026-08-20 13:20:37,820 [INFO] Target "New Target" detected — confidence 0.99 at (1061, 866)
2026-08-20 13:20:37,921 [INFO] Clicked "New Target" at (1061, 866)
2026-08-20 13:20:40,937 [INFO] Target "New Target" detected — confidence 1.00 at (1074, 1160)
2026-08-20 13:20:41,039 [INFO] Clicked "New Target" at (1074, 1160)
2026-08-20 13:20:56,871 [INFO] Target "New Target" detected — confidence 1.00 at (1075, 1132)
2026-08-20 13:20:56,974 [INFO] Clicked "New Target" at (1075, 1132)
2026-08-20 13:21:00,283 [INFO] Target "New Target" detected — confidence 0.98 at (1061, 866)
2026-08-20 13:21:00,385 [INFO] Clicked "New Target" at (1061, 866)
2026-08-20 13:21:03,279 [INFO] Target "New Target" detected — confidence 1.00 at (1074, 1160)
2026-08-20 13:21:03,381 [INFO] Clicked "New Target" at (1074, 1160)
2026-08-20 13:21:14,021 [INFO] Target "New Target" detected — confidence 1.00 at (1075, 1132)
2026-08-20 13:21:14,141 [INFO] Clicked "New Target" at (1075, 1132)
2026-08-20 13:21:17,782 [INFO] Target "New Target" detected — confidence 0.98 at (1061, 866)
2026-08-20 13:21:17,892 [INFO] Clicked "New Target" at (1061, 866)
2026-08-20 13:21:21,921 [INFO] Target "New Target" detected — confidence 1.00 at (1074, 1160)
2026-08-20 13:21:22,024 [INFO] Clicked "New Target" at (1074, 1160)
2026-08-20 13:21:34,154 [INFO] Target "New Target" detected — confidence 1.00 at (1075, 1132)
2026-08-20 13:21:34,274 [INFO] Clicked "New Target" at (1075, 1132)
2026-08-20 13:21:38,006 [INFO] Target "New Target" detected — confidence 0.99 at (1061, 866)
2026-08-20 13:21:38,109 [INFO] Clicked "New Target" at (1061, 866)
2026-08-20 13:21:41,833 [INFO] Target "New Target" detected — confidence 1.00 at (1074, 1160)
2026-08-20 13:21:41,941 [INFO] Clicked "New Target" at (1074, 1160)
2026-08-20 13:21:58,870 [INFO] Target "New Target" detected — confidence 0.88 at (1076, 1112)
2026-08-20 13:21:58,990 [INFO] Clicked "New Target" at (1076, 1112)
2026-08-20 13:22:01,948 [INFO] Target "New Target" detected — confidence 1.00 at (1061, 866)
2026-08-20 13:22:02,058 [INFO] Clicked "New Target" at (1061, 866)
2026-08-20 13:22:05,551 [INFO] Target "New Target" detected — confidence 1.00 at (1074, 1160)
2026-08-20 13:22:05,653 [INFO] Clicked "New Target" at (1074, 1160)
2026-08-20 13:22:23,761 [INFO] Target "New Target" detected — confidence 1.00 at (1075, 1132)
2026-08-20 13:22:23,873 [INFO] Clicked "New Target" at (1075, 1132)
2026-08-20 13:22:26,958 [INFO] Target "New Target" detected — confidence 0.99 at (1061, 866)
2026-08-20 13:22:27,073 [INFO] Clicked "New Target" at (1061, 866)
2026-08-20 13:22:30,002 [INFO] Target "New Target" detected — confidence 1.00 at (1074, 1160)
2026-08-20 13:22:30,105 [INFO] Clicked "New Target" at (1074, 1160)
2026-08-20 13:22:42,723 [INFO] Target "New Target" detected — confidence 1.00 at (1075, 1132)
2026-08-20 13:22:42,839 [INFO] Clicked "New Target" at (1075, 1132)
2026-08-20 13:22:46,215 [INFO] Target "New Target" detected — confidence 0.98 at (1061, 866)
2026-08-20 13:22:46,323 [INFO] Clicked "New Target" at (1061, 866)
2026-08-20 13:22:49,243 [INFO] Target "New Target" detected — confidence 1.00 at (1074, 1160)
2026-08-20 13:22:49,345 [INFO] Clicked "New Target" at (1074, 1160)
2026-08-20 13:23:09,800 [INFO] Target "New Target" detected — confidence 1.00 at (1075, 1132)
2026-08-20 13:23:09,905 [INFO] Clicked "New Target" at (1075, 1132)
2026-08-20 13:23:12,825 [INFO] Target "New Target" detected — confidence 1.00 at (1061, 866)
2026-08-20 13:23:12,928 [INFO] Clicked "New Target" at (1061, 866)
2026-08-20 13:23:16,614 [INFO] Target "New Target" detected — confidence 1.00 at (1074, 1160)
2026-08-20 13:23:16,723 [INFO] Clicked "New Target" at (1074, 1160)
2026-08-20 13:23:27,990 [INFO] Target "New Target" detected — confidence 1.00 at (1075, 1132)
2026-08-20 13:23:28,105 [INFO] Clicked "New Target" at (1075, 1132)
2026-08-20 13:23:31,656 [INFO] Target "New Target" detected — confidence 0.98 at (1061, 866)
2026-08-20 13:23:31,772 [INFO] Clicked "New Target" at (1061, 866)
2026-08-20 13:23:35,175 [INFO] Target "New Target" detected — confidence 1.00 at (1074, 1160)
2026-08-20 13:23:35,279 [INFO] Clicked "New Target" at (1074, 1160)
2026-08-20 13:23:54,114 [INFO] Target "New Target" detected — confidence 1.00 at (1075, 1132)
2026-08-20 13:23:54,222 [INFO] Clicked "New Target" at (1075, 1132)
2026-08-20 13:23:57,730 [INFO] Target "New Target" detected — confidence 0.98 at (1061, 866)
2026-08-20 13:23:57,839 [INFO] Clicked "New Target" at (1061, 866)
2026-08-20 13:24:00,963 [INFO] Target "New Target" detected — confidence 1.00 at (1074, 1160)
2026-08-20 13:24:01,073 [INFO] Clicked "New Target" at (1074, 1160)
2026-08-20 13:24:16,064 [INFO] Target "New Target" detected — confidence 1.00 at (1075, 1132)
2026-08-20 13:24:16,172 [INFO] Clicked "New Target" at (1075, 1132)
2026-08-20 13:24:19,715 [INFO] Target "New Target" detected — confidence 0.98 at (1061, 866)
2026-08-20 13:24:19,821 [INFO] Clicked "New Target" at (1061, 866)
2026-08-20 13:24:22,854 [INFO] Target "New Target" detected — confidence 1.00 at (1074, 1160)
2026-08-20 13:24:22,956 [INFO] Clicked "New Target" at (1074, 1160)
2026-08-20 13:24:41,327 [INFO] Target "New Target" detected — confidence 1.00 at (1075, 1132)
2026-08-20 13:24:41,438 [INFO] Clicked "New Target" at (1075, 1132)
2026-08-20 13:24:44,888 [INFO] Target "New Target" detected — confidence 0.98 at (1061, 866)
2026-08-20 13:24:45,005 [INFO] Clicked "New Target" at (1061, 866)
2026-08-20 13:24:47,941 [INFO] Target "New Target" detected — confidence 1.00 at (1074, 1160)
2026-08-20 13:24:48,054 [INFO] Clicked "New Target" at (1074, 1160)
2026-08-20 13:25:07,859 [INFO] Target "New Target" detected — confidence 1.00 at (1075, 1132)
2026-08-20 13:25:07,962 [INFO] Clicked "New Target" at (1075, 1132)
2026-08-20 13:25:10,963 [INFO] Target "New Target" detected — confidence 1.00 at (1061, 866)
2026-08-20 13:25:11,065 [INFO] Clicked "New Target" at (1061, 866)
2026-08-20 13:25:14,099 [INFO] Target "New Target" detected — confidence 1.00 at (1074, 1160)
2026-08-20 13:25:14,201 [INFO] Clicked "New Target" at (1074, 1160)
2026-08-20 13:25:27,255 [INFO] Target "New Target" detected — confidence 1.00 at (1075, 1132)
2026-08-20 13:25:27,372 [INFO] Clicked "New Target" at (1075, 1132)
2026-08-20 13:25:28,475 [INFO] Automation paused.
2026-08-20 13:26:15,471 [INFO] Automation resumed.
2026-08-20 13:26:16,779 [INFO] Target "New Target" detected — confidence 1.00 at (1075, 1132)
2026-08-20 13:26:16,889 [INFO] Clicked "New Target" at (1075, 1132)
2026-08-20 13:26:20,407 [INFO] Target "New Target" detected — confidence 0.98 at (1061, 866)
2026-08-20 13:26:20,520 [INFO] Clicked "New Target" at (1061, 866)
2026-08-20 13:26:23,548 [INFO] Target "New Target" detected — confidence 1.00 at (1074, 1160)
2026-08-20 13:26:23,649 [INFO] Clicked "New Target" at (1074, 1160)
2026-08-20 13:26:27,132 [INFO] Target "New Target" detected — confidence 0.98 at (1074, 1160)
2026-08-20 13:26:27,237 [INFO] Clicked "New Target" at (1074, 1160)
2026-08-20 13:26:36,165 [INFO] Target "New Target" detected — confidence 1.00 at (1075, 1132)
2026-08-20 13:26:36,270 [INFO] Clicked "New Target" at (1075, 1132)
2026-08-20 13:26:39,670 [INFO] Target "New Target" detected — confidence 0.98 at (1061, 866)
2026-08-20 13:26:39,773 [INFO] Clicked "New Target" at (1061, 866)
2026-08-20 13:26:43,332 [INFO] Target "New Target" detected — confidence 1.00 at (1074, 1160)
2026-08-20 13:26:43,434 [INFO] Clicked "New Target" at (1074, 1160)
2026-08-20 13:26:46,877 [INFO] Target "New Target" detected — confidence 1.00 at (1074, 1160)
2026-08-20 13:26:46,986 [INFO] Clicked "New Target" at (1074, 1160)
2026-08-20 13:26:56,528 [INFO] Target "New Target" detected — confidence 1.00 at (1075, 1132)
2026-08-20 13:26:56,631 [INFO] Clicked "New Target" at (1075, 1132)
2026-08-20 13:26:59,749 [INFO] Target "New Target" detected — confidence 0.99 at (1061, 866)
2026-08-20 13:26:59,850 [INFO] Clicked "New Target" at (1061, 866)
2026-08-20 13:27:02,912 [INFO] Target "New Target" detected — confidence 1.00 at (1074, 1160)
2026-08-20 13:27:03,014 [INFO] Clicked "New Target" at (1074, 1160)
2026-08-20 13:27:18,106 [INFO] Target "New Target" detected — confidence 0.98 at (1075, 1136)
2026-08-20 13:27:18,219 [INFO] Clicked "New Target" at (1075, 1136)
2026-08-20 13:27:21,635 [INFO] Target "New Target" detected — confidence 0.98 at (1061, 866)
2026-08-20 13:27:21,738 [INFO] Clicked "New Target" at (1061, 866)
2026-08-20 13:27:25,355 [INFO] Target "New Target" detected — confidence 1.00 at (1074, 1160)
2026-08-20 13:27:25,470 [INFO] Clicked "New Target" at (1074, 1160)
2026-08-20 13:27:38,478 [INFO] Target "New Target" detected — confidence 1.00 at (1075, 1133)
2026-08-20 13:27:38,587 [INFO] Clicked "New Target" at (1075, 1133)
2026-08-20 13:27:42,118 [INFO] Target "New Target" detected — confidence 0.98 at (1061, 866)
2026-08-20 13:27:42,219 [INFO] Clicked "New Target" at (1061, 866)
2026-08-20 13:27:45,242 [INFO] Target "New Target" detected — confidence 1.00 at (1074, 1160)
2026-08-20 13:27:45,354 [INFO] Clicked "New Target" at (1074, 1160)
2026-08-20 13:27:49,014 [INFO] Target "New Target" detected — confidence 0.98 at (1074, 1160)
2026-08-20 13:27:49,119 [INFO] Clicked "New Target" at (1074, 1160)
2026-08-20 13:28:00,213 [INFO] Target "New Target" detected — confidence 1.00 at (1075, 1132)
2026-08-20 13:28:00,319 [INFO] Clicked "New Target" at (1075, 1132)
2026-08-20 13:28:03,826 [INFO] Target "New Target" detected — confidence 0.97 at (1061, 866)
2026-08-20 13:28:03,936 [INFO] Clicked "New Target" at (1061, 866)
2026-08-20 13:28:07,424 [INFO] Target "New Target" detected — confidence 1.00 at (1074, 1160)
2026-08-20 13:28:07,525 [INFO] Clicked "New Target" at (1074, 1160)
2026-08-20 13:28:22,919 [INFO] Target "New Target" detected — confidence 1.00 at (1075, 1132)
2026-08-20 13:28:23,035 [INFO] Clicked "New Target" at (1075, 1132)
2026-08-20 13:28:26,514 [INFO] Target "New Target" detected — confidence 0.98 at (1061, 866)
2026-08-20 13:28:26,619 [INFO] Clicked "New Target" at (1061, 866)
2026-08-20 13:28:30,155 [INFO] Target "New Target" detected — confidence 1.00 at (1074, 1160)
2026-08-20 13:28:30,258 [INFO] Clicked "New Target" at (1074, 1160)
2026-08-20 13:28:33,788 [INFO] Target "New Target" detected — confidence 1.00 at (1074, 1160)
2026-08-20 13:28:33,902 [INFO] Clicked "New Target" at (1074, 1160)
2026-08-20 13:28:47,313 [INFO] Target "New Target" detected — confidence 1.00 at (1075, 1132)
2026-08-20 13:28:47,418 [INFO] Clicked "New Target" at (1075, 1132)
2026-08-20 13:28:50,415 [INFO] Target "New Target" detected — confidence 1.00 at (1061, 866)
2026-08-20 13:28:50,517 [INFO] Clicked "New Target" at (1061, 866)
2026-08-20 13:28:54,008 [INFO] Target "New Target" detected — confidence 1.00 at (1074, 1160)
2026-08-20 13:28:54,110 [INFO] Clicked "New Target" at (1074, 1160)
2026-08-20 13:29:15,150 [INFO] Target "New Target" detected — confidence 1.00 at (1075, 1132)
2026-08-20 13:29:15,270 [INFO] Clicked "New Target" at (1075, 1132)
2026-08-20 13:29:18,947 [INFO] Target "New Target" detected — confidence 0.98 at (1061, 866)
2026-08-20 13:29:19,052 [INFO] Clicked "New Target" at (1061, 866)
2026-08-20 13:29:22,667 [INFO] Target "New Target" detected — confidence 1.00 at (1074, 1160)
2026-08-20 13:29:22,770 [INFO] Clicked "New Target" at (1074, 1160)
2026-08-20 13:29:26,261 [INFO] Target "New Target" detected — confidence 1.00 at (1074, 1160)
2026-08-20 13:29:26,368 [INFO] Clicked "New Target" at (1074, 1160)
2026-08-20 13:29:37,724 [INFO] Target "New Target" detected — confidence 1.00 at (1075, 1132)
2026-08-20 13:29:37,835 [INFO] Clicked "New Target" at (1075, 1132)
2026-08-20 13:29:41,316 [INFO] Target "New Target" detected — confidence 0.98 at (1061, 866)
2026-08-20 13:29:41,418 [INFO] Clicked "New Target" at (1061, 866)
2026-08-20 13:29:44,978 [INFO] Target "New Target" detected — confidence 1.00 at (1074, 1160)
2026-08-20 13:29:45,085 [INFO] Clicked "New Target" at (1074, 1160)
2026-08-20 13:29:48,499 [INFO] Target "New Target" detected — confidence 1.00 at (1074, 1160)
2026-08-20 13:29:48,603 [INFO] Clicked "New Target" at (1074, 1160)
2026-08-20 13:30:02,296 [INFO] Automation paused.
2026-08-20 13:31:39,987 [INFO] Target 'New Target' added.
2026-08-20 13:32:10,673 [INFO] Target 'New Target' added.
2026-08-20 13:32:13,898 [INFO] Automation resumed.
2026-08-20 13:32:15,576 [INFO] Automation paused.
2026-08-20 13:32:23,469 [INFO] Target 'New Target' added.
2026-08-20 13:34:28,833 [INFO] Target 'New Target' deleted.
2026-08-20 13:35:09,628 [INFO] Target 'New Target' added.
2026-08-20 13:35:19,403 [INFO] Automation resumed.
2026-08-20 13:35:20,683 [INFO] Automation paused.
2026-08-20 13:35:21,227 [INFO] Target "New Target" detected — confidence 0.97 at (1249, 1236)
2026-08-20 13:35:21,418 [INFO] Clicked "New Target" at (1249, 1236)
2026-08-20 13:35:37,558 [INFO] Target 'New Target' added.
2026-08-20 13:36:03,490 [INFO] Target 'New Target' added.
2026-08-20 13:36:22,113 [INFO] Target 'New Target' added.
2026-08-20 13:36:59,381 [INFO] Target 'New Target' added.
2026-08-20 14:03:12,114 [INFO] Loaded 12 target(s) from profile 'default'.
2026-08-20 14:03:32,986 [INFO] Automation started. Monitoring interval: 500 ms.
2026-08-20 14:03:35,947 [INFO] Target "New Target" detected — confidence 0.98 at (1021, 1087)
2026-08-20 14:03:36,053 [INFO] Clicked "New Target" at (1021, 1087)
2026-08-20 14:03:39,278 [INFO] Target "New Target" detected — confidence 0.86 at (1025, 1058)
2026-08-20 14:03:39,381 [INFO] Clicked "New Target" at (1025, 1058)
2026-08-20 14:03:45,982 [INFO] Target "New Target" detected — confidence 1.00 at (1029, 1160)
2026-08-20 14:03:46,088 [INFO] Clicked "New Target" at (1029, 1160)
2026-08-20 14:04:00,201 [INFO] Target "New Target" detected — confidence 1.00 at (1021, 1087)
2026-08-20 14:04:00,320 [INFO] Clicked "New Target" at (1021, 1087)
2026-08-20 14:04:07,016 [INFO] Target "New Target" detected — confidence 0.89 at (1029, 943)
2026-08-20 14:04:07,132 [INFO] Clicked "New Target" at (1029, 943)
2026-08-20 14:04:33,496 [INFO] Target "New Target" detected — confidence 1.00 at (1019, 1055)
2026-08-20 14:04:33,615 [INFO] Clicked "New Target" at (1019, 1055)
2026-08-20 14:04:36,743 [INFO] Target "New Target" detected — confidence 0.87 at (1025, 1058)
2026-08-20 14:04:36,850 [INFO] Clicked "New Target" at (1025, 1058)
2026-08-20 14:04:39,298 [INFO] Automation paused.
2026-08-20 14:04:50,793 [INFO] Automation resumed.
2026-08-20 14:04:53,241 [INFO] Target "New Target" detected — confidence 1.00 at (1029, 1160)
2026-08-20 14:04:53,349 [INFO] Clicked "New Target" at (1029, 1160)
2026-08-20 14:05:13,421 [INFO] Target "New Target" detected — confidence 1.00 at (1021, 1087)
2026-08-20 14:05:13,532 [INFO] Clicked "New Target" at (1021, 1087)
2026-08-20 14:05:19,896 [INFO] Target "New Target" detected — confidence 0.98 at (1022, 1016)
2026-08-20 14:05:19,999 [INFO] Clicked "New Target" at (1022, 1016)
2026-08-20 14:05:26,004 [INFO] Target "New Target" detected — confidence 0.86 at (1026, 1058)
2026-08-20 14:05:26,116 [INFO] Clicked "New Target" at (1026, 1058)
2026-08-20 14:06:22,558 [INFO] Target "New Target" detected — confidence 1.00 at (1029, 1160)
2026-08-20 14:06:22,666 [INFO] Clicked "New Target" at (1029, 1160)
2026-08-20 14:06:38,712 [INFO] Target "New Target" detected — confidence 1.00 at (1021, 1087)
2026-08-20 14:06:38,825 [INFO] Clicked "New Target" at (1021, 1087)
2026-08-20 14:06:44,763 [INFO] Target "New Target" detected — confidence 1.00 at (1029, 1160)
2026-08-20 14:06:44,864 [INFO] Clicked "New Target" at (1029, 1160)
2026-08-20 14:07:04,052 [INFO] Target "New Target" detected — confidence 1.00 at (1021, 1087)
2026-08-20 14:07:04,154 [INFO] Clicked "New Target" at (1021, 1087)
2026-08-20 14:07:10,121 [INFO] Target "New Target" detected — confidence 1.00 at (1029, 1160)
2026-08-20 14:07:10,224 [INFO] Clicked "New Target" at (1029, 1160)
2026-08-20 14:07:25,771 [INFO] Target "New Target" detected — confidence 1.00 at (1021, 1087)
2026-08-20 14:07:25,872 [INFO] Clicked "New Target" at (1021, 1087)
2026-08-20 14:07:31,936 [INFO] Target "New Target" detected — confidence 0.90 at (1029, 943)
2026-08-20 14:07:32,038 [INFO] Clicked "New Target" at (1029, 943)
2026-08-20 14:07:37,991 [INFO] Target "New Target" detected — confidence 0.99 at (1029, 1160)
2026-08-20 14:07:38,094 [INFO] Clicked "New Target" at (1029, 1160)
2026-08-20 14:07:53,958 [INFO] Target "New Target" detected — confidence 1.00 at (1021, 1087)
2026-08-20 14:07:54,061 [INFO] Clicked "New Target" at (1021, 1087)
2026-08-20 14:08:00,061 [INFO] Target "New Target" detected — confidence 0.86 at (1037, 1058)
2026-08-20 14:08:00,164 [INFO] Clicked "New Target" at (1037, 1058)
2026-08-20 14:08:06,220 [INFO] Target "New Target" detected — confidence 1.00 at (1029, 1160)
2026-08-20 14:08:06,331 [INFO] Clicked "New Target" at (1029, 1160)
2026-08-20 14:08:25,584 [INFO] Target "New Target" detected — confidence 1.00 at (1021, 1087)
2026-08-20 14:08:25,687 [INFO] Clicked "New Target" at (1021, 1087)
2026-08-20 14:08:32,041 [INFO] Target "New Target" detected — confidence 1.00 at (1029, 1160)
2026-08-20 14:08:32,143 [INFO] Clicked "New Target" at (1029, 1160)
2026-08-20 14:08:48,415 [INFO] Target "New Target" detected — confidence 1.00 at (1021, 1087)
2026-08-20 14:08:48,518 [INFO] Clicked "New Target" at (1021, 1087)
2026-08-20 14:08:54,524 [INFO] Target "New Target" detected — confidence 1.00 at (1029, 1160)
2026-08-20 14:08:54,625 [INFO] Clicked "New Target" at (1029, 1160)
2026-08-20 14:09:14,024 [INFO] Target "New Target" detected — confidence 1.00 at (1021, 1087)
2026-08-20 14:09:14,127 [INFO] Clicked "New Target" at (1021, 1087)
2026-08-20 14:09:20,313 [INFO] Target "New Target" detected — confidence 0.90 at (1029, 943)
2026-08-20 14:09:20,415 [INFO] Clicked "New Target" at (1029, 943)
2026-08-20 14:09:26,469 [INFO] Target "New Target" detected — confidence 0.99 at (1029, 1160)
2026-08-20 14:09:26,570 [INFO] Clicked "New Target" at (1029, 1160)
2026-08-20 14:09:42,890 [INFO] Target "New Target" detected — confidence 1.00 at (1021, 1087)
2026-08-20 14:09:43,005 [INFO] Clicked "New Target" at (1021, 1087)
2026-08-20 14:09:49,316 [INFO] Target "New Target" detected — confidence 0.86 at (1037, 1058)
2026-08-20 14:09:49,436 [INFO] Clicked "New Target" at (1037, 1058)
2026-08-20 14:09:55,602 [INFO] Target "New Target" detected — confidence 1.00 at (1029, 1160)
2026-08-20 14:09:55,704 [INFO] Clicked "New Target" at (1029, 1160)
2026-08-20 14:10:15,282 [INFO] Target "New Target" detected — confidence 1.00 at (1021, 1087)
2026-08-20 14:10:15,385 [INFO] Clicked "New Target" at (1021, 1087)
2026-08-20 14:10:21,327 [INFO] Target "New Target" detected — confidence 1.00 at (1029, 1160)
2026-08-20 14:10:21,430 [INFO] Clicked "New Target" at (1029, 1160)
2026-08-20 14:10:36,866 [INFO] Target "New Target" detected — confidence 1.00 at (1021, 1087)
2026-08-20 14:10:36,968 [INFO] Clicked "New Target" at (1021, 1087)
2026-08-20 14:10:42,913 [INFO] Target "New Target" detected — confidence 1.00 at (1029, 1160)
2026-08-20 14:10:43,016 [INFO] Clicked "New Target" at (1029, 1160)
2026-08-20 14:10:58,427 [INFO] Target "New Target" detected — confidence 1.00 at (1021, 1087)
2026-08-20 14:10:58,530 [INFO] Clicked "New Target" at (1021, 1087)
2026-08-20 14:11:04,602 [INFO] Target "New Target" detected — confidence 0.90 at (1029, 943)
2026-08-20 14:11:04,705 [INFO] Clicked "New Target" at (1029, 943)
2026-08-20 14:11:10,593 [INFO] Target "New Target" detected — confidence 0.99 at (1029, 1160)
2026-08-20 14:11:10,696 [INFO] Clicked "New Target" at (1029, 1160)
2026-08-20 14:11:29,956 [INFO] Target "New Target" detected — confidence 1.00 at (1021, 1087)
2026-08-20 14:11:30,058 [INFO] Clicked "New Target" at (1021, 1087)
2026-08-20 14:11:36,057 [INFO] Target "New Target" detected — confidence 0.86 at (1037, 1058)
2026-08-20 14:11:36,159 [INFO] Clicked "New Target" at (1037, 1058)
2026-08-20 14:11:41,909 [INFO] Target "New Target" detected — confidence 1.00 at (1029, 1160)
2026-08-20 14:11:42,012 [INFO] Clicked "New Target" at (1029, 1160)
2026-08-20 14:12:00,793 [INFO] Target "New Target" detected — confidence 1.00 at (1021, 1087)
2026-08-20 14:12:00,896 [INFO] Clicked "New Target" at (1021, 1087)
2026-08-20 14:12:06,916 [INFO] Target "New Target" detected — confidence 1.00 at (1029, 1160)
2026-08-20 14:12:07,019 [INFO] Clicked "New Target" at (1029, 1160)
2026-08-20 14:12:22,688 [INFO] Target "New Target" detected — confidence 1.00 at (1021, 1087)
2026-08-20 14:12:22,792 [INFO] Clicked "New Target" at (1021, 1087)
2026-08-20 14:12:28,866 [INFO] Target "New Target" detected — confidence 1.00 at (1029, 1160)
2026-08-20 14:12:28,969 [INFO] Clicked "New Target" at (1029, 1160)
2026-08-20 14:12:45,386 [INFO] Target "New Target" detected — confidence 1.00 at (1021, 1087)
2026-08-20 14:12:45,488 [INFO] Clicked "New Target" at (1021, 1087)
2026-08-20 14:12:51,632 [INFO] Target "New Target" detected — confidence 0.90 at (1029, 943)
2026-08-20 14:12:51,734 [INFO] Clicked "New Target" at (1029, 943)
2026-08-20 14:12:57,752 [INFO] Target "New Target" detected — confidence 0.99 at (1029, 1160)
2026-08-20 14:12:57,854 [INFO] Clicked "New Target" at (1029, 1160)
2026-08-20 14:13:20,456 [INFO] Target "New Target" detected — confidence 1.00 at (1021, 1087)
2026-08-20 14:13:20,558 [INFO] Clicked "New Target" at (1021, 1087)
2026-08-20 14:13:26,721 [INFO] Target "New Target" detected — confidence 0.86 at (1037, 1058)
2026-08-20 14:13:26,823 [INFO] Clicked "New Target" at (1037, 1058)
2026-08-20 14:13:33,049 [INFO] Target "New Target" detected — confidence 1.00 at (1029, 1160)
2026-08-20 14:13:33,152 [INFO] Clicked "New Target" at (1029, 1160)
2026-08-20 14:13:52,882 [INFO] Target "New Target" detected — confidence 1.00 at (1021, 1087)
2026-08-20 14:13:52,984 [INFO] Clicked "New Target" at (1021, 1087)
2026-08-20 14:13:59,113 [INFO] Target "New Target" detected — confidence 1.00 at (1029, 1160)
2026-08-20 14:13:59,216 [INFO] Clicked "New Target" at (1029, 1160)
2026-08-20 14:14:15,685 [INFO] Target "New Target" detected — confidence 1.00 at (1021, 1087)
2026-08-20 14:14:15,788 [INFO] Clicked "New Target" at (1021, 1087)
2026-08-20 14:14:21,710 [INFO] Target "New Target" detected — confidence 1.00 at (1029, 1160)
2026-08-20 14:14:21,811 [INFO] Clicked "New Target" at (1029, 1160)
2026-08-20 14:14:37,886 [INFO] Target "New Target" detected — confidence 1.00 at (1021, 1087)
2026-08-20 14:14:37,988 [INFO] Clicked "New Target" at (1021, 1087)
2026-08-20 14:14:44,583 [INFO] Target "New Target" detected — confidence 0.90 at (1029, 943)
2026-08-20 14:14:44,699 [INFO] Clicked "New Target" at (1029, 943)
2026-08-20 14:14:50,748 [INFO] Target "New Target" detected — confidence 0.99 at (1029, 1160)
2026-08-20 14:14:50,865 [INFO] Clicked "New Target" at (1029, 1160)
2026-08-20 14:15:06,673 [INFO] Target "New Target" detected — confidence 1.00 at (1021, 1087)
2026-08-20 14:15:06,783 [INFO] Clicked "New Target" at (1021, 1087)
2026-08-20 14:15:12,761 [INFO] Target "New Target" detected — confidence 0.86 at (1037, 1058)
2026-08-20 14:15:12,863 [INFO] Clicked "New Target" at (1037, 1058)
2026-08-20 14:15:18,938 [INFO] Target "New Target" detected — confidence 1.00 at (1029, 1160)
2026-08-20 14:15:19,040 [INFO] Clicked "New Target" at (1029, 1160)
2026-08-20 14:15:38,114 [INFO] Target "New Target" detected — confidence 1.00 at (1021, 1087)
2026-08-20 14:15:38,216 [INFO] Clicked "New Target" at (1021, 1087)
2026-08-20 14:15:44,230 [INFO] Target "New Target" detected — confidence 1.00 at (1029, 1160)
2026-08-20 14:15:44,333 [INFO] Clicked "New Target" at (1029, 1160)
2026-08-20 14:16:06,961 [INFO] Target "New Target" detected — confidence 1.00 at (1021, 1087)
2026-08-20 14:16:07,064 [INFO] Clicked "New Target" at (1021, 1087)
2026-08-20 14:16:13,155 [INFO] Target "New Target" detected — confidence 1.00 at (1029, 1160)
2026-08-20 14:16:13,257 [INFO] Clicked "New Target" at (1029, 1160)
2026-08-20 14:16:29,503 [INFO] Target "New Target" detected — confidence 1.00 at (1021, 1087)
2026-08-20 14:16:29,604 [INFO] Clicked "New Target" at (1021, 1087)
2026-08-20 14:16:35,805 [INFO] Target "New Target" detected — confidence 0.90 at (1029, 943)
2026-08-20 14:16:35,908 [INFO] Clicked "New Target" at (1029, 943)
2026-08-20 14:16:42,041 [INFO] Target "New Target" detected — confidence 0.98 at (1029, 1160)
2026-08-20 14:16:42,142 [INFO] Clicked "New Target" at (1029, 1160)
2026-08-20 14:17:04,872 [INFO] Target "New Target" detected — confidence 1.00 at (1021, 1087)
2026-08-20 14:17:04,976 [INFO] Clicked "New Target" at (1021, 1087)
2026-08-20 14:17:11,096 [INFO] Target "New Target" detected — confidence 0.86 at (1037, 1058)
2026-08-20 14:17:11,199 [INFO] Clicked "New Target" at (1037, 1058)
2026-08-20 14:17:17,259 [INFO] Target "New Target" detected — confidence 1.00 at (1029, 1160)
2026-08-20 14:17:17,361 [INFO] Clicked "New Target" at (1029, 1160)
2026-08-20 14:17:33,756 [INFO] Target "New Target" detected — confidence 1.00 at (1021, 1087)
2026-08-20 14:17:33,859 [INFO] Clicked "New Target" at (1021, 1087)
2026-08-20 14:17:39,903 [INFO] Target "New Target" detected — confidence 1.00 at (1029, 1160)
2026-08-20 14:17:40,005 [INFO] Clicked "New Target" at (1029, 1160)
2026-08-20 14:17:56,034 [INFO] Target "New Target" detected — confidence 1.00 at (1021, 1087)
2026-08-20 14:17:56,135 [INFO] Clicked "New Target" at (1021, 1087)
2026-08-20 14:18:02,220 [INFO] Target "New Target" detected — confidence 1.00 at (1029, 1160)
2026-08-20 14:18:02,321 [INFO] Clicked "New Target" at (1029, 1160)
2026-08-20 14:18:21,921 [INFO] Target "New Target" detected — confidence 1.00 at (1021, 1087)
2026-08-20 14:18:22,024 [INFO] Clicked "New Target" at (1021, 1087)
2026-08-20 14:18:28,083 [INFO] Target "New Target" detected — confidence 0.90 at (1029, 943)
2026-08-20 14:18:28,185 [INFO] Clicked "New Target" at (1029, 943)
2026-08-20 14:18:34,170 [INFO] Target "New Target" detected — confidence 0.99 at (1029, 1160)
2026-08-20 14:18:34,271 [INFO] Clicked "New Target" at (1029, 1160)
2026-08-20 14:18:52,971 [INFO] Target "New Target" detected — confidence 1.00 at (1021, 1087)
2026-08-20 14:18:53,072 [INFO] Clicked "New Target" at (1021, 1087)
2026-08-20 14:18:59,040 [INFO] Target "New Target" detected — confidence 0.86 at (1037, 1058)
2026-08-20 14:18:59,146 [INFO] Clicked "New Target" at (1037, 1058)
2026-08-20 14:19:05,074 [INFO] Target "New Target" detected — confidence 1.00 at (1029, 1160)
2026-08-20 14:19:05,175 [INFO] Clicked "New Target" at (1029, 1160)
2026-08-20 14:19:24,085 [INFO] Target "New Target" detected — confidence 1.00 at (1021, 1087)
2026-08-20 14:19:24,188 [INFO] Clicked "New Target" at (1021, 1087)
2026-08-20 14:19:30,177 [INFO] Target "New Target" detected — confidence 1.00 at (1029, 1160)
2026-08-20 14:19:30,288 [INFO] Clicked "New Target" at (1029, 1160)
2026-08-20 14:20:01,896 [INFO] Target "New Target" detected — confidence 0.95 at (1021, 1090)
2026-08-20 14:20:02,015 [INFO] Clicked "New Target" at (1021, 1090)
2026-08-20 14:20:07,978 [INFO] Target "New Target" detected — confidence 1.00 at (1029, 1160)
2026-08-20 14:20:08,090 [INFO] Clicked "New Target" at (1029, 1160)
2026-08-20 14:20:24,256 [INFO] Target "New Target" detected — confidence 1.00 at (1021, 1087)
2026-08-20 14:20:24,359 [INFO] Clicked "New Target" at (1021, 1087)
2026-08-20 14:20:30,605 [INFO] Target "New Target" detected — confidence 0.90 at (1029, 943)
2026-08-20 14:20:30,707 [INFO] Clicked "New Target" at (1029, 943)
2026-08-20 14:20:36,814 [INFO] Target "New Target" detected — confidence 0.99 at (1029, 1160)
2026-08-20 14:20:36,915 [INFO] Clicked "New Target" at (1029, 1160)
2026-08-20 14:20:53,061 [INFO] Target "New Target" detected — confidence 1.00 at (1021, 1087)
2026-08-20 14:20:53,165 [INFO] Clicked "New Target" at (1021, 1087)
2026-08-20 14:20:59,441 [INFO] Target "New Target" detected — confidence 0.86 at (1037, 1058)
2026-08-20 14:20:59,543 [INFO] Clicked "New Target" at (1037, 1058)
2026-08-20 14:21:05,765 [INFO] Target "New Target" detected — confidence 1.00 at (1029, 1160)
2026-08-20 14:21:05,866 [INFO] Clicked "New Target" at (1029, 1160)
2026-08-20 14:21:22,150 [INFO] Target "New Target" detected — confidence 1.00 at (1021, 1087)
2026-08-20 14:21:22,253 [INFO] Clicked "New Target" at (1021, 1087)
2026-08-20 14:21:28,250 [INFO] Target "New Target" detected — confidence 1.00 at (1029, 1160)
2026-08-20 14:21:28,352 [INFO] Clicked "New Target" at (1029, 1160)
2026-08-20 14:21:33,706 [INFO] Automation paused.
2026-08-20 14:34:24,716 [INFO] Automation resumed.
2026-08-20 14:34:47,081 [INFO] Target "New Target" detected — confidence 1.00 at (1021, 1087)
2026-08-20 14:34:47,200 [INFO] Clicked "New Target" at (1021, 1087)
2026-08-20 14:34:53,288 [INFO] Target "New Target" detected — confidence 0.86 at (1037, 1058)
2026-08-20 14:34:53,390 [INFO] Clicked "New Target" at (1037, 1058)
2026-08-20 14:34:59,365 [INFO] Target "New Target" detected — confidence 1.00 at (1029, 1160)
2026-08-20 14:34:59,484 [INFO] Clicked "New Target" at (1029, 1160)
2026-08-20 14:35:18,265 [INFO] Target "New Target" detected — confidence 1.00 at (1021, 1087)
2026-08-20 14:35:18,366 [INFO] Clicked "New Target" at (1021, 1087)
2026-08-20 14:35:24,294 [INFO] Target "New Target" detected — confidence 1.00 at (1029, 1160)
2026-08-20 14:35:24,398 [INFO] Clicked "New Target" at (1029, 1160)
2026-08-20 14:35:50,282 [INFO] Target "New Target" detected — confidence 1.00 at (1021, 1087)
2026-08-20 14:35:50,400 [INFO] Clicked "New Target" at (1021, 1087)
2026-08-20 14:35:57,084 [INFO] Target "New Target" detected — confidence 1.00 at (1029, 1160)
2026-08-20 14:35:57,195 [INFO] Clicked "New Target" at (1029, 1160)
2026-08-20 14:36:17,698 [INFO] Target "New Target" detected — confidence 1.00 at (1021, 1087)
2026-08-20 14:36:17,815 [INFO] Clicked "New Target" at (1021, 1087)
2026-08-20 14:36:24,086 [INFO] Target "New Target" detected — confidence 0.90 at (1029, 943)
2026-08-20 14:36:24,188 [INFO] Clicked "New Target" at (1029, 943)
2026-08-20 14:36:30,436 [INFO] Target "New Target" detected — confidence 0.99 at (1029, 1160)
2026-08-20 14:36:30,549 [INFO] Clicked "New Target" at (1029, 1160)
2026-08-20 14:36:53,441 [INFO] Target "New Target" detected — confidence 1.00 at (1021, 1087)
2026-08-20 14:36:53,550 [INFO] Clicked "New Target" at (1021, 1087)
2026-08-20 14:36:59,796 [INFO] Target "New Target" detected — confidence 0.95 at (1022, 1016)
2026-08-20 14:36:59,898 [INFO] Clicked "New Target" at (1022, 1016)
2026-08-20 14:37:10,878 [INFO] Target 'New Target' added.
2026-08-20 14:37:17,187 [INFO] Target "New Target" detected — confidence 0.99 at (1022, 1056)
2026-08-20 14:37:17,299 [INFO] Clicked "New Target" at (1022, 1056)
2026-08-20 14:37:24,207 [INFO] Target "New Target" detected — confidence 1.00 at (1022, 1056)
2026-08-20 14:37:24,310 [INFO] Clicked "New Target" at (1022, 1056)
2026-08-20 14:37:31,187 [INFO] Target "New Target" detected — confidence 0.99 at (1022, 1056)
2026-08-20 14:37:31,298 [INFO] Clicked "New Target" at (1022, 1056)
2026-08-20 14:37:37,648 [INFO] Automation paused.
2026-08-20 14:37:39,163 [INFO] Automation resumed.
2026-08-20 14:37:43,393 [INFO] Target "New Target" detected — confidence 1.00 at (1022, 1056)
2026-08-20 14:37:43,498 [INFO] Clicked "New Target" at (1022, 1056)
2026-08-20 14:38:21,095 [INFO] Target 'New Target' added.
2026-08-20 14:38:37,597 [INFO] Automation paused.
2026-08-20 14:38:38,129 [INFO] Automation resumed.
2026-08-20 14:39:31,548 [INFO] Target 'New Target' added.
2026-08-20 14:39:34,504 [INFO] Target "New Target" detected — confidence 0.89 at (1067, 1056)
2026-08-20 14:39:34,617 [INFO] Clicked "New Target" at (1067, 1056)
2026-08-20 14:39:38,497 [INFO] Target "New Target" detected — confidence 0.90 at (1075, 1058)
2026-08-20 14:39:38,598 [INFO] Clicked "New Target" at (1075, 1058)
2026-08-20 14:39:38,602 [INFO] Target "New Target" detected — confidence 1.00 at (770, 1158)
2026-08-20 14:39:38,700 [INFO] Clicked "New Target" at (770, 1158)
2026-08-20 14:39:42,194 [INFO] Target "New Target" detected — confidence 0.90 at (1067, 1056)
2026-08-20 14:39:42,298 [INFO] Clicked "New Target" at (1067, 1056)
2026-08-20 14:39:45,820 [INFO] Target "New Target" detected — confidence 0.90 at (1075, 1058)
2026-08-20 14:39:45,939 [INFO] Clicked "New Target" at (1075, 1058)
2026-08-20 14:39:45,941 [INFO] Target "New Target" detected — confidence 1.00 at (770, 1158)
2026-08-20 14:39:46,056 [INFO] Clicked "New Target" at (770, 1158)
2026-08-20 14:39:49,584 [INFO] Target "New Target" detected — confidence 0.89 at (1067, 1056)
2026-08-20 14:39:49,686 [INFO] Clicked "New Target" at (1067, 1056)
2026-08-20 14:39:52,889 [INFO] Target "New Target" detected — confidence 0.88 at (1075, 1058)
2026-08-20 14:39:52,993 [INFO] Clicked "New Target" at (1075, 1058)
2026-08-20 14:39:52,998 [INFO] Target "New Target" detected — confidence 1.00 at (770, 1158)
2026-08-20 14:39:53,111 [INFO] Clicked "New Target" at (770, 1158)
2026-08-20 14:39:56,322 [INFO] Target "New Target" detected — confidence 0.89 at (1067, 1056)
2026-08-20 14:39:56,425 [INFO] Clicked "New Target" at (1067, 1056)
2026-08-20 14:40:00,025 [INFO] Target "New Target" detected — confidence 0.88 at (1075, 1058)
2026-08-20 14:40:00,127 [INFO] Clicked "New Target" at (1075, 1058)
2026-08-20 14:40:09,688 [INFO] Target 'New Target' deleted.
2026-08-20 14:40:40,169 [INFO] Target "New Target" detected — confidence 0.89 at (1067, 1056)
2026-08-20 14:40:40,283 [INFO] Clicked "New Target" at (1067, 1056)
2026-08-20 14:40:43,636 [INFO] Target "New Target" detected — confidence 0.88 at (1074, 1135)
2026-08-20 14:40:43,743 [INFO] Clicked "New Target" at (1074, 1135)
2026-08-20 14:41:02,776 [INFO] Target "New Target" detected — confidence 1.00 at (1066, 1087)
2026-08-20 14:41:02,881 [INFO] Clicked "New Target" at (1066, 1087)
2026-08-20 14:41:10,046 [INFO] Target "New Target" detected — confidence 1.00 at (1074, 1160)
2026-08-20 14:41:10,166 [INFO] Clicked "New Target" at (1074, 1160)
2026-08-20 14:41:21,568 [INFO] Target "New Target" detected — confidence 0.95 at (1074, 1044)
2026-08-20 14:41:21,682 [INFO] Clicked "New Target" at (1074, 1044)
2026-08-20 14:41:23,974 [INFO] Automation paused.
2026-08-20 15:59:51,540 [INFO] Loaded 14 target(s) from profile 'default'.
2026-08-20 16:01:40,440 [INFO] Automation started. Monitoring interval: 500 ms.
2026-08-20 16:01:43,419 [INFO] Target "New Target" detected — confidence 0.99 at (1518, 1160)
2026-08-20 16:01:43,542 [INFO] Clicked "New Target" at (1518, 1160)
2026-08-20 16:02:07,947 [INFO] Target "New Target" detected — confidence 1.00 at (1510, 1087)
2026-08-20 16:02:08,062 [INFO] Clicked "New Target" at (1510, 1087)
2026-08-20 16:02:22,376 [INFO] Target "New Target" detected — confidence 0.87 at (1511, 1056)
2026-08-20 16:02:22,493 [INFO] Clicked "New Target" at (1511, 1056)
2026-08-20 16:02:28,399 [INFO] Target "New Target" detected — confidence 1.00 at (1518, 1160)
2026-08-20 16:02:28,511 [INFO] Clicked "New Target" at (1518, 1160)
2026-08-20 16:04:30,434 [INFO] Target "New Target" detected — confidence 1.00 at (1510, 1087)
2026-08-20 16:04:30,545 [INFO] Clicked "New Target" at (1510, 1087)
2026-08-20 16:04:34,879 [INFO] Target "New Target" detected — confidence 0.91 at (1514, 1058)
2026-08-20 16:04:34,996 [INFO] Clicked "New Target" at (1514, 1058)
2026-08-20 16:04:43,196 [INFO] Target "New Target" detected — confidence 1.00 at (1518, 1160)
2026-08-20 16:04:43,312 [INFO] Clicked "New Target" at (1518, 1160)
2026-08-20 16:05:13,208 [INFO] Target "New Target" detected — confidence 1.00 at (1528, 1142)
2026-08-20 16:05:13,327 [INFO] Clicked "New Target" at (1528, 1142)
2026-08-20 16:05:13,329 [INFO] Target "New Target" detected — confidence 0.87 at (1529, 1111)
2026-08-20 16:05:13,444 [INFO] Clicked "New Target" at (1529, 1111)
2026-08-20 16:05:17,925 [INFO] Target "New Target" detected — confidence 0.90 at (1532, 1113)
2026-08-20 16:05:18,046 [INFO] Clicked "New Target" at (1532, 1113)
2026-08-20 16:05:55,191 [INFO] Target "New Target" detected — confidence 1.00 at (1360, 1160)
2026-08-20 16:05:55,310 [INFO] Clicked "New Target" at (1360, 1160)
2026-08-20 16:06:17,199 [INFO] Target "New Target" detected — confidence 1.00 at (1352, 1087)
2026-08-20 16:06:17,314 [INFO] Clicked "New Target" at (1352, 1087)
2026-08-20 16:06:27,322 [INFO] Target "New Target" detected — confidence 0.99 at (1360, 1160)
2026-08-20 16:06:27,446 [INFO] Clicked "New Target" at (1360, 1160)
2026-08-20 16:06:53,624 [INFO] Target "New Target" detected — confidence 0.86 at (1353, 1056)
2026-08-20 16:06:53,742 [INFO] Clicked "New Target" at (1353, 1056)
2026-08-20 16:06:58,256 [INFO] Target "New Target" detected — confidence 1.00 at (1360, 1160)
2026-08-20 16:06:58,376 [INFO] Clicked "New Target" at (1360, 1160)
2026-08-20 16:07:23,141 [INFO] Target "New Target" detected — confidence 0.87 at (1353, 1056)
2026-08-20 16:07:23,260 [INFO] Clicked "New Target" at (1353, 1056)
2026-08-20 16:07:27,775 [INFO] Target "New Target" detected — confidence 0.89 at (1356, 1058)
2026-08-20 16:07:27,892 [INFO] Clicked "New Target" at (1356, 1058)
2026-08-20 16:07:42,777 [INFO] Target "New Target" detected — confidence 1.00 at (1360, 1160)
2026-08-20 16:07:42,895 [INFO] Clicked "New Target" at (1360, 1160)
2026-08-20 16:08:01,188 [INFO] Target "New Target" detected — confidence 1.00 at (1352, 1087)
2026-08-20 16:08:01,308 [INFO] Clicked "New Target" at (1352, 1087)
2026-08-20 16:08:09,611 [INFO] Target "New Target" detected — confidence 1.00 at (1360, 1160)
2026-08-20 16:08:09,725 [INFO] Clicked "New Target" at (1360, 1160)
2026-08-20 16:08:33,118 [INFO] Target "New Target" detected — confidence 1.00 at (1352, 1087)
2026-08-20 16:08:33,225 [INFO] Clicked "New Target" at (1352, 1087)
2026-08-20 16:08:42,247 [INFO] Target "New Target" detected — confidence 1.00 at (1360, 1160)
2026-08-20 16:08:42,356 [INFO] Clicked "New Target" at (1360, 1160)
2026-08-20 16:09:05,278 [INFO] Target "New Target" detected — confidence 1.00 at (1352, 1087)
2026-08-20 16:09:05,390 [INFO] Clicked "New Target" at (1352, 1087)
2026-08-20 16:09:14,349 [INFO] Target "New Target" detected — confidence 0.91 at (1360, 943)
2026-08-20 16:09:14,457 [INFO] Clicked "New Target" at (1360, 943)
2026-08-20 16:09:23,356 [INFO] Target "New Target" detected — confidence 1.00 at (1360, 1160)
2026-08-20 16:09:23,473 [INFO] Clicked "New Target" at (1360, 1160)
2026-08-20 16:10:00,887 [INFO] Target "New Target" detected — confidence 1.00 at (1352, 1087)
2026-08-20 16:10:01,007 [INFO] Clicked "New Target" at (1352, 1087)
2026-08-20 16:10:09,956 [INFO] Target "New Target" detected — confidence 0.98 at (1360, 1160)
2026-08-20 16:10:10,073 [INFO] Clicked "New Target" at (1360, 1160)
2026-08-20 16:10:37,679 [INFO] Target "New Target" detected — confidence 1.00 at (1352, 1087)
2026-08-20 16:10:37,789 [INFO] Clicked "New Target" at (1352, 1087)
2026-08-20 16:10:46,374 [INFO] Target "New Target" detected — confidence 1.00 at (1360, 1160)
2026-08-20 16:10:46,489 [INFO] Clicked "New Target" at (1360, 1160)
2026-08-20 16:11:07,706 [INFO] Target "New Target" detected — confidence 1.00 at (1352, 1087)
2026-08-20 16:11:07,822 [INFO] Clicked "New Target" at (1352, 1087)
2026-08-20 16:11:15,827 [INFO] Target "New Target" detected — confidence 0.99 at (1360, 1160)
2026-08-20 16:11:15,936 [INFO] Clicked "New Target" at (1360, 1160)
2026-08-20 16:11:39,518 [INFO] Target "New Target" detected — confidence 1.00 at (1352, 1087)
2026-08-20 16:11:39,627 [INFO] Clicked "New Target" at (1352, 1087)
2026-08-20 16:11:48,371 [INFO] Target "New Target" detected — confidence 0.91 at (1360, 943)
2026-08-20 16:11:48,492 [INFO] Clicked "New Target" at (1360, 943)
2026-08-20 16:11:57,360 [INFO] Target "New Target" detected — confidence 0.99 at (1360, 1160)
2026-08-20 16:11:57,474 [INFO] Clicked "New Target" at (1360, 1160)
2026-08-20 16:12:34,413 [INFO] Target "New Target" detected — confidence 1.00 at (1352, 1087)
2026-08-20 16:12:34,523 [INFO] Clicked "New Target" at (1352, 1087)
2026-08-20 16:12:42,892 [INFO] Target "New Target" detected — confidence 1.00 at (1360, 1160)
2026-08-20 16:12:43,007 [INFO] Clicked "New Target" at (1360, 1160)
2026-08-20 16:13:05,839 [INFO] Target "New Target" detected — confidence 1.00 at (1352, 1087)
2026-08-20 16:13:05,955 [INFO] Clicked "New Target" at (1352, 1087)
2026-08-20 16:13:14,641 [INFO] Target "New Target" detected — confidence 1.00 at (1360, 1160)
2026-08-20 16:13:14,756 [INFO] Clicked "New Target" at (1360, 1160)
2026-08-20 16:13:50,896 [INFO] Target "New Target" detected — confidence 1.00 at (1352, 1087)
2026-08-20 16:13:51,006 [INFO] Clicked "New Target" at (1352, 1087)
2026-08-20 16:13:59,609 [INFO] Target "New Target" detected — confidence 1.00 at (1360, 1160)
2026-08-20 16:13:59,721 [INFO] Clicked "New Target" at (1360, 1160)
2026-08-20 16:14:26,872 [INFO] Target "New Target" detected — confidence 1.00 at (1352, 1087)
2026-08-20 16:14:26,987 [INFO] Clicked "New Target" at (1352, 1087)
2026-08-20 16:14:35,423 [INFO] Target "New Target" detected — confidence 0.89 at (1360, 943)
2026-08-20 16:14:35,538 [INFO] Clicked "New Target" at (1360, 943)
2026-08-20 16:14:43,970 [INFO] Target "New Target" detected — confidence 1.00 at (1360, 1160)
2026-08-20 16:14:44,087 [INFO] Clicked "New Target" at (1360, 1160)
2026-08-20 16:15:23,226 [INFO] Target "New Target" detected — confidence 1.00 at (1352, 1087)
2026-08-20 16:15:23,337 [INFO] Clicked "New Target" at (1352, 1087)
2026-08-20 16:15:32,050 [INFO] Target "New Target" detected — confidence 0.99 at (1360, 1160)
2026-08-20 16:15:32,170 [INFO] Clicked "New Target" at (1360, 1160)
2026-08-20 16:16:04,216 [INFO] Target "New Target" detected — confidence 1.00 at (1352, 1087)
2026-08-20 16:16:04,338 [INFO] Clicked "New Target" at (1352, 1087)
2026-08-20 16:16:13,081 [INFO] Target "New Target" detected — confidence 1.00 at (1360, 1160)
2026-08-20 16:16:13,202 [INFO] Clicked "New Target" at (1360, 1160)
2026-08-20 16:16:53,708 [INFO] Target "New Target" detected — confidence 1.00 at (1352, 1087)
2026-08-20 16:16:53,820 [INFO] Clicked "New Target" at (1352, 1087)
2026-08-20 16:17:02,384 [INFO] Target "New Target" detected — confidence 1.00 at (1360, 1160)
2026-08-20 16:17:02,501 [INFO] Clicked "New Target" at (1360, 1160)
2026-08-20 16:17:25,282 [INFO] Target "New Target" detected — confidence 1.00 at (1352, 1087)
2026-08-20 16:17:25,403 [INFO] Clicked "New Target" at (1352, 1087)
2026-08-20 16:17:34,550 [INFO] Target "New Target" detected — confidence 0.91 at (1360, 943)
2026-08-20 16:17:34,667 [INFO] Clicked "New Target" at (1360, 943)
2026-08-20 16:17:43,356 [INFO] Target "New Target" detected — confidence 1.00 at (1360, 1160)
2026-08-20 16:17:43,467 [INFO] Clicked "New Target" at (1360, 1160)
2026-08-20 16:18:14,647 [INFO] Target "New Target" detected — confidence 1.00 at (1352, 1087)
2026-08-20 16:18:14,766 [INFO] Clicked "New Target" at (1352, 1087)
2026-08-20 16:18:23,626 [INFO] Target "New Target" detected — confidence 0.99 at (1360, 1160)
2026-08-20 16:18:23,735 [INFO] Clicked "New Target" at (1360, 1160)
2026-08-20 16:18:55,168 [INFO] Target "New Target" detected — confidence 1.00 at (1352, 1087)
2026-08-20 16:18:55,284 [INFO] Clicked "New Target" at (1352, 1087)
2026-08-20 16:19:03,886 [INFO] Target "New Target" detected — confidence 1.00 at (1360, 1160)
2026-08-20 16:19:04,000 [INFO] Clicked "New Target" at (1360, 1160)
2026-08-20 16:19:26,434 [INFO] Target "New Target" detected — confidence 0.97 at (1352, 1089)
2026-08-20 16:19:26,552 [INFO] Clicked "New Target" at (1352, 1089)
2026-08-20 16:19:41,747 [INFO] Automation paused.
2026-08-20 16:19:55,086 [INFO] Target 'New Target' added.
2026-08-20 16:19:57,264 [INFO] Automation resumed.
2026-08-20 16:20:01,587 [INFO] Target "New Target" detected — confidence 1.00 at (1354, 1040)
2026-08-20 16:20:01,702 [INFO] Clicked "New Target" at (1354, 1040)
2026-08-20 16:20:05,888 [INFO] Target "New Target" detected — confidence 0.88 at (1356, 1058)
2026-08-20 16:20:06,003 [INFO] Clicked "New Target" at (1356, 1058)
2026-08-20 16:20:06,007 [INFO] Target "New Target" detected — confidence 0.86 at (1353, 1056)
2026-08-20 16:20:06,105 [INFO] Clicked "New Target" at (1353, 1056)
2026-08-20 16:20:14,845 [INFO] Target "New Target" detected — confidence 0.98 at (1360, 1160)
2026-08-20 16:20:14,957 [INFO] Clicked "New Target" at (1360, 1160)
2026-08-20 16:21:59,579 [INFO] Target "New Target" detected — confidence 0.98 at (1074, 1160)
2026-08-20 16:21:59,688 [INFO] Clicked "New Target" at (1074, 1160)
2026-08-20 16:22:26,403 [INFO] Target "New Target" detected — confidence 1.00 at (1066, 1087)
2026-08-20 16:22:26,520 [INFO] Clicked "New Target" at (1066, 1087)
2026-08-20 16:22:34,943 [INFO] Target "New Target" detected — confidence 0.88 at (1074, 943)
2026-08-20 16:22:35,053 [INFO] Clicked "New Target" at (1074, 943)
2026-08-20 16:22:43,417 [INFO] Target "New Target" detected — confidence 0.99 at (1074, 1160)
2026-08-20 16:22:43,536 [INFO] Clicked "New Target" at (1074, 1160)
2026-08-20 16:22:55,707 [INFO] Target "New Target" detected — confidence 1.00 at (1230, 655)
2026-08-20 16:22:55,831 [INFO] Clicked "New Target" at (1230, 655)
2026-08-20 16:22:58,807 [WARNING] EMERGENCY STOP triggered. All automation halted immediately.
2026-08-20 18:56:03,940 [INFO] Loaded 15 target(s) from profile 'default'.
2026-08-20 18:56:17,075 [INFO] Automation started. Monitoring interval: 500 ms.
2026-08-20 18:56:20,599 [INFO] Target "New Target" detected — confidence 0.86 at (1022, 1056)
2026-08-20 18:56:20,712 [INFO] Clicked "New Target" at (1022, 1056)
2026-08-20 18:56:24,721 [INFO] Target "New Target" detected — confidence 0.89 at (1025, 1058)
2026-08-20 18:56:24,823 [INFO] Clicked "New Target" at (1025, 1058)
2026-08-20 18:56:32,997 [INFO] Target "New Target" detected — confidence 1.00 at (1029, 1160)
2026-08-20 18:56:33,105 [INFO] Clicked "New Target" at (1029, 1160)
2026-08-20 18:57:06,629 [INFO] Target "New Target" detected — confidence 0.89 at (1025, 1058)
2026-08-20 18:57:06,739 [INFO] Clicked "New Target" at (1025, 1058)
2026-08-20 18:57:23,912 [INFO] Target "New Target" detected — confidence 0.95 at (1029, 1044)
2026-08-20 18:57:24,021 [INFO] Clicked "New Target" at (1029, 1044)
2026-08-20 18:57:37,027 [INFO] Target "New Target" detected — confidence 0.89 at (1029, 1147)
2026-08-20 18:57:37,130 [INFO] Clicked "New Target" at (1029, 1147)
2026-08-20 18:57:54,598 [INFO] Target "New Target" detected — confidence 0.99 at (1029, 1160)
2026-08-20 18:57:54,707 [INFO] Clicked "New Target" at (1029, 1160)
2026-08-20 18:58:29,167 [INFO] Target "New Target" detected — confidence 0.88 at (1025, 1058)
2026-08-20 18:58:29,286 [INFO] Clicked "New Target" at (1025, 1058)
2026-08-20 18:58:59,480 [INFO] Target "New Target" detected — confidence 1.00 at (1021, 1087)
2026-08-20 18:58:59,588 [INFO] Clicked "New Target" at (1021, 1087)
2026-08-20 18:59:07,882 [INFO] Target "New Target" detected — confidence 0.99 at (1029, 1160)
2026-08-20 18:59:07,996 [INFO] Clicked "New Target" at (1029, 1160)
2026-08-20 18:59:28,591 [INFO] Target "New Target" detected — confidence 1.00 at (1021, 1087)
2026-08-20 18:59:28,708 [INFO] Clicked "New Target" at (1021, 1087)
2026-08-20 18:59:36,739 [INFO] Target "New Target" detected — confidence 0.99 at (1029, 1160)
2026-08-20 18:59:36,856 [INFO] Clicked "New Target" at (1029, 1160)
2026-08-20 19:00:02,102 [INFO] Target "New Target" detected — confidence 1.00 at (1021, 1087)
2026-08-20 19:00:02,205 [INFO] Clicked "New Target" at (1021, 1087)
2026-08-20 19:00:10,331 [INFO] Target "New Target" detected — confidence 0.91 at (1029, 943)
2026-08-20 19:00:10,433 [INFO] Clicked "New Target" at (1029, 943)
2026-08-20 19:00:19,073 [INFO] Target "New Target" detected — confidence 1.00 at (1029, 1160)
2026-08-20 19:00:19,176 [INFO] Clicked "New Target" at (1029, 1160)
2026-08-20 19:00:58,292 [INFO] Target "New Target" detected — confidence 1.00 at (1021, 1087)
2026-08-20 19:00:58,398 [INFO] Clicked "New Target" at (1021, 1087)
2026-08-20 19:01:06,954 [INFO] Target "New Target" detected — confidence 1.00 at (1029, 1160)
2026-08-20 19:01:07,071 [INFO] Clicked "New Target" at (1029, 1160)
2026-08-20 19:01:33,126 [INFO] Target "New Target" detected — confidence 1.00 at (1021, 1087)
2026-08-20 19:01:33,231 [INFO] Clicked "New Target" at (1021, 1087)
2026-08-20 19:01:42,143 [INFO] Target "New Target" detected — confidence 1.00 at (1029, 1160)
2026-08-20 19:01:42,255 [INFO] Clicked "New Target" at (1029, 1160)
2026-08-20 19:02:04,876 [INFO] Target "New Target" detected — confidence 1.00 at (1021, 1087)
2026-08-20 19:02:04,988 [INFO] Clicked "New Target" at (1021, 1087)
2026-08-20 19:02:13,527 [INFO] Target "New Target" detected — confidence 1.00 at (1029, 1160)
2026-08-20 19:02:13,640 [INFO] Clicked "New Target" at (1029, 1160)
2026-08-20 19:02:43,330 [INFO] Target "New Target" detected — confidence 1.00 at (1021, 1087)
2026-08-20 19:02:43,440 [INFO] Clicked "New Target" at (1021, 1087)
2026-08-20 19:02:51,559 [INFO] Target "New Target" detected — confidence 0.89 at (1029, 943)
2026-08-20 19:02:51,662 [INFO] Clicked "New Target" at (1029, 943)
2026-08-20 19:03:00,069 [INFO] Target "New Target" detected — confidence 1.00 at (1029, 1160)
2026-08-20 19:03:00,172 [INFO] Clicked "New Target" at (1029, 1160)
2026-08-20 19:03:13,541 [INFO] Automation paused.
2026-08-20 19:04:51,107 [INFO] Automation resumed.
2026-08-20 19:04:55,045 [INFO] Target "New Target" detected — confidence 1.00 at (1029, 1160)
2026-08-20 19:04:55,152 [INFO] Clicked "New Target" at (1029, 1160)
2026-08-20 19:05:18,103 [INFO] Target "New Target" detected — confidence 1.00 at (1021, 1087)
2026-08-20 19:05:18,218 [INFO] Clicked "New Target" at (1021, 1087)
2026-08-20 19:05:27,182 [INFO] Target "New Target" detected — confidence 1.00 at (1029, 1160)
2026-08-20 19:05:27,285 [INFO] Clicked "New Target" at (1029, 1160)
2026-08-20 19:05:54,682 [INFO] Target "New Target" detected — confidence 0.90 at (1025, 1058)
2026-08-20 19:05:54,788 [INFO] Clicked "New Target" at (1025, 1058)
2026-08-20 19:06:26,304 [INFO] Target "New Target" detected — confidence 1.00 at (1021, 1087)
2026-08-20 19:06:26,422 [INFO] Clicked "New Target" at (1021, 1087)
2026-08-20 19:06:34,864 [INFO] Target "New Target" detected — confidence 0.89 at (1029, 943)
2026-08-20 19:06:34,972 [INFO] Clicked "New Target" at (1029, 943)
2026-08-20 19:06:43,676 [INFO] Target "New Target" detected — confidence 1.00 at (1029, 1160)
2026-08-20 19:06:43,779 [INFO] Clicked "New Target" at (1029, 1160)
2026-08-20 19:07:14,756 [INFO] Target "New Target" detected — confidence 1.00 at (1021, 1087)
2026-08-20 19:07:14,873 [INFO] Clicked "New Target" at (1021, 1087)
2026-08-20 19:07:23,263 [INFO] Target "New Target" detected — confidence 0.99 at (1022, 1016)
2026-08-20 19:07:23,370 [INFO] Clicked "New Target" at (1022, 1016)
2026-08-20 19:07:27,486 [INFO] Target "New Target" detected — confidence 0.89 at (1021, 1058)
2026-08-20 19:07:27,589 [INFO] Clicked "New Target" at (1021, 1058)
2026-08-20 19:07:27,592 [INFO] Target "New Target" detected — confidence 0.92 at (1022, 1056)
2026-08-20 19:07:27,691 [INFO] Clicked "New Target" at (1022, 1056)
2026-08-20 19:07:35,650 [INFO] Target "New Target" detected — confidence 0.92 at (987, 568)
2026-08-20 19:07:35,753 [INFO] Clicked "New Target" at (987, 568)
2026-08-20 19:07:57,247 [INFO] Target "New Target" detected — confidence 0.78 at (1022, 973)
2026-08-20 19:07:57,356 [INFO] Clicked "New Target" at (1022, 973)
2026-08-20 19:08:13,656 [INFO] Target 'New Target' added.
2026-08-20 19:08:20,606 [INFO] Target "New Target" detected — confidence 0.57 at (1022, 973)
2026-08-20 19:08:20,721 [INFO] Clicked "New Target" at (1022, 973)
2026-08-20 19:08:59,303 [INFO] Target "New Target" detected — confidence 0.43 at (1024, 987)
2026-08-20 19:08:59,421 [INFO] Clicked "New Target" at (1024, 987)
2026-08-20 19:09:04,074 [INFO] Target "New Target" detected — confidence 0.89 at (1022, 1056)
2026-08-20 19:09:04,177 [INFO] Clicked "New Target" at (1022, 1056)
2026-08-20 19:09:08,601 [INFO] Target "New Target" detected — confidence 0.88 at (1021, 1058)
2026-08-20 19:09:08,718 [INFO] Clicked "New Target" at (1021, 1058)
2026-08-20 19:09:08,720 [INFO] Target "New Target" detected — confidence 0.41 at (1610, 525)
2026-08-20 19:09:08,821 [INFO] Clicked "New Target" at (1610, 525)
2026-08-20 19:09:14,788 [INFO] Target "New Target" detected — confidence 1.00 at (1029, 1160)
2026-08-20 19:09:14,903 [INFO] Clicked "New Target" at (1029, 1160)
2026-08-20 19:09:14,906 [INFO] Target "New Target" detected — confidence 0.43 at (1609, 526)
2026-08-20 19:09:15,021 [INFO] Clicked "New Target" at (1609, 526)
2026-08-20 19:09:19,169 [INFO] Automation paused.
2026-08-20 19:09:21,222 [INFO] Target "New Target" detected — confidence 0.43 at (1609, 676)
2026-08-20 19:09:21,330 [INFO] Clicked "New Target" at (1609, 676)
2026-08-20 19:09:54,021 [INFO] Automation resumed.
2026-08-20 19:09:57,170 [INFO] Target "New Target" detected — confidence 0.98 at (1021, 1087)
2026-08-20 19:09:57,280 [INFO] Clicked "New Target" at (1021, 1087)
2026-08-20 19:09:57,283 [INFO] Target "New Target" detected — confidence 0.41 at (1610, 450)
2026-08-20 19:09:57,397 [INFO] Clicked "New Target" at (1610, 450)
2026-08-20 19:10:04,120 [INFO] Target "New Target" detected — confidence 0.99 at (1029, 1160)
2026-08-20 19:10:04,228 [INFO] Clicked "New Target" at (1029, 1160)
2026-08-20 19:10:04,231 [INFO] Target "New Target" detected — confidence 0.41 at (1610, 525)
2026-08-20 19:10:04,330 [INFO] Clicked "New Target" at (1610, 525)
2026-08-20 19:10:10,727 [INFO] Target "New Target" detected — confidence 0.43 at (1609, 526)
2026-08-20 19:10:10,834 [INFO] Clicked "New Target" at (1609, 526)
2026-08-20 19:10:17,624 [INFO] Target "New Target" detected — confidence 0.41 at (1610, 450)
2026-08-20 19:10:17,733 [INFO] Clicked "New Target" at (1610, 450)
2026-08-20 19:10:24,144 [INFO] Target "New Target" detected — confidence 0.41 at (1403, 676)
2026-08-20 19:10:24,249 [INFO] Clicked "New Target" at (1403, 676)
2026-08-20 19:10:30,717 [INFO] Target "New Target" detected — confidence 0.41 at (1610, 450)
2026-08-20 19:10:30,822 [INFO] Clicked "New Target" at (1610, 450)
2026-08-20 19:10:34,064 [INFO] Target "New Target" detected — confidence 0.99 at (1021, 1087)
2026-08-20 19:10:34,173 [INFO] Clicked "New Target" at (1021, 1087)
2026-08-20 19:10:43,065 [INFO] Target "New Target" detected — confidence 1.00 at (1029, 1160)
2026-08-20 19:10:43,169 [INFO] Clicked "New Target" at (1029, 1160)
2026-08-20 19:11:15,885 [INFO] Target "New Target" detected — confidence 1.00 at (1021, 1087)
2026-08-20 19:11:16,004 [INFO] Clicked "New Target" at (1021, 1087)
2026-08-20 19:11:25,177 [INFO] Target "New Target" detected — confidence 0.92 at (1029, 943)
2026-08-20 19:11:25,289 [INFO] Clicked "New Target" at (1029, 943)
2026-08-20 19:11:34,219 [INFO] Target "New Target" detected — confidence 1.00 at (1029, 1160)
2026-08-20 19:11:34,322 [INFO] Clicked "New Target" at (1029, 1160)
2026-08-20 19:12:02,580 [INFO] Target "New Target" detected — confidence 1.00 at (1021, 1087)
2026-08-20 19:12:02,681 [INFO] Clicked "New Target" at (1021, 1087)
2026-08-20 19:12:11,888 [INFO] Target "New Target" detected — confidence 0.98 at (1029, 1160)
2026-08-20 19:12:11,991 [INFO] Clicked "New Target" at (1029, 1160)
2026-08-20 19:12:21,610 [INFO] Automation paused.
2026-08-20 19:14:14,468 [INFO] Automation resumed.
2026-08-20 19:14:24,120 [INFO] Target "New Target" detected — confidence 1.00 at (1021, 1087)
2026-08-20 19:14:24,235 [INFO] Clicked "New Target" at (1021, 1087)
2026-08-20 19:14:34,212 [INFO] Target "New Target" detected — confidence 0.99 at (1029, 1160)
2026-08-20 19:14:34,317 [INFO] Clicked "New Target" at (1029, 1160)
2026-08-20 19:15:04,596 [INFO] Target "New Target" detected — confidence 0.98 at (1021, 1089)
2026-08-20 19:15:04,705 [INFO] Clicked "New Target" at (1021, 1089)
2026-08-20 19:15:13,773 [INFO] Target "New Target" detected — confidence 1.00 at (1029, 1160)
2026-08-20 19:15:13,887 [INFO] Clicked "New Target" at (1029, 1160)
2026-08-20 19:15:42,278 [INFO] Target "New Target" detected — confidence 1.00 at (1021, 1087)
2026-08-20 19:15:42,390 [INFO] Clicked "New Target" at (1021, 1087)
2026-08-20 19:15:51,686 [INFO] Target "New Target" detected — confidence 0.92 at (1029, 943)
2026-08-20 19:15:51,788 [INFO] Clicked "New Target" at (1029, 943)
2026-08-20 19:16:00,874 [INFO] Target "New Target" detected — confidence 1.00 at (1029, 1160)
2026-08-20 19:16:00,977 [INFO] Clicked "New Target" at (1029, 1160)
2026-08-20 19:16:18,364 [INFO] Automation paused.
2026-08-20 19:18:35,388 [INFO] Automation resumed.
2026-08-20 19:18:40,133 [INFO] Target "New Target" detected — confidence 1.00 at (1029, 1160)
2026-08-20 19:18:40,241 [INFO] Clicked "New Target" at (1029, 1160)
2026-08-20 19:19:10,915 [INFO] Target "New Target" detected — confidence 1.00 at (1021, 1087)
2026-08-20 19:19:11,024 [INFO] Clicked "New Target" at (1021, 1087)
2026-08-20 19:19:20,763 [INFO] Target "New Target" detected — confidence 0.99 at (1029, 1160)
2026-08-20 19:19:20,874 [INFO] Clicked "New Target" at (1029, 1160)
2026-08-20 19:19:50,845 [INFO] Target "New Target" detected — confidence 1.00 at (1021, 1087)
2026-08-20 19:19:50,947 [INFO] Clicked "New Target" at (1021, 1087)
2026-08-20 19:20:01,076 [INFO] Target "New Target" detected — confidence 0.99 at (1029, 1160)
2026-08-20 19:20:01,179 [INFO] Clicked "New Target" at (1029, 1160)
2026-08-20 19:20:41,871 [INFO] Target "New Target" detected — confidence 1.00 at (1021, 1087)
2026-08-20 19:20:41,989 [INFO] Clicked "New Target" at (1021, 1087)
2026-08-20 19:20:52,002 [INFO] Target "New Target" detected — confidence 0.90 at (1029, 943)
2026-08-20 19:20:52,122 [INFO] Clicked "New Target" at (1029, 943)
2026-08-20 19:20:59,939 [INFO] Target "New Target" detected — confidence 0.98 at (1029, 1160)
2026-08-20 19:21:00,056 [INFO] Clicked "New Target" at (1029, 1160)
2026-08-20 19:21:20,717 [INFO] Target "New Target" detected — confidence 0.99 at (1011, 1091)
2026-08-20 19:21:20,839 [INFO] Clicked "New Target" at (1011, 1091)
2026-08-20 19:21:30,790 [INFO] Target "New Target" detected — confidence 1.00 at (1029, 1160)
2026-08-20 19:21:30,905 [INFO] Clicked "New Target" at (1029, 1160)
2026-08-20 19:21:52,682 [INFO] Target "New Target" detected — confidence 1.00 at (1011, 1091)
2026-08-20 19:21:52,786 [INFO] Clicked "New Target" at (1011, 1091)
2026-08-20 19:21:57,775 [INFO] Target "New Target" detected — confidence 0.97 at (1029, 1164)
2026-08-20 19:21:57,887 [INFO] Clicked "New Target" at (1029, 1164)
2026-08-20 19:22:23,783 [INFO] Target "New Target" detected — confidence 0.55 at (1226, 627)
2026-08-20 19:22:23,886 [INFO] Clicked "New Target" at (1226, 627)
2026-08-20 19:22:43,949 [INFO] Target "New Target" detected — confidence 0.95 at (1029, 1044)
2026-08-20 19:22:44,054 [INFO] Clicked "New Target" at (1029, 1044)
2026-08-20 19:22:46,894 [INFO] Automation paused.
2026-08-20 19:29:09,832 [INFO] Automation resumed.
2026-08-20 19:29:30,671 [INFO] Target "New Target" detected — confidence 1.00 at (1011, 1091)
2026-08-20 19:29:30,780 [INFO] Clicked "New Target" at (1011, 1091)
2026-08-20 19:29:34,517 [INFO] Automation paused.
2026-08-20 19:29:46,142 [INFO] Automation resumed.
2026-08-20 19:29:50,434 [INFO] Target "New Target" detected — confidence 0.99 at (1029, 1160)
2026-08-20 19:29:50,546 [INFO] Clicked "New Target" at (1029, 1160)
2026-08-20 19:30:10,907 [INFO] Target "New Target" detected — confidence 1.00 at (1030, 1132)
2026-08-20 19:30:11,013 [INFO] Clicked "New Target" at (1030, 1132)
2026-08-20 19:30:15,230 [INFO] Target "New Target" detected — confidence 0.94 at (1016, 866)
2026-08-20 19:30:15,347 [INFO] Clicked "New Target" at (1016, 866)
2026-08-20 19:30:19,160 [INFO] Target "New Target" detected — confidence 0.55 at (1024, 864)
2026-08-20 19:30:19,279 [INFO] Clicked "New Target" at (1024, 864)
2026-08-20 19:30:27,896 [INFO] Target "New Target" detected — confidence 0.99 at (1029, 1160)
2026-08-20 19:30:28,013 [INFO] Clicked "New Target" at (1029, 1160)
2026-08-20 19:30:37,180 [INFO] Target "New Target" detected — confidence 0.99 at (1029, 1160)
2026-08-20 19:30:37,297 [INFO] Clicked "New Target" at (1029, 1160)
2026-08-20 19:30:47,194 [INFO] Target "New Target" detected — confidence 0.98 at (1030, 1127)
2026-08-20 19:30:47,312 [INFO] Clicked "New Target" at (1030, 1127)
2026-08-20 19:30:52,054 [INFO] Target "New Target" detected — confidence 0.97 at (1016, 866)
2026-08-20 19:30:52,157 [INFO] Clicked "New Target" at (1016, 866)
2026-08-20 19:30:52,161 [INFO] Target "New Target" detected — confidence 0.55 at (1024, 864)
2026-08-20 19:30:52,258 [INFO] Clicked "New Target" at (1024, 864)
2026-08-20 19:31:01,704 [INFO] Target "New Target" detected — confidence 0.99 at (1029, 1160)
2026-08-20 19:31:01,806 [INFO] Clicked "New Target" at (1029, 1160)
2026-08-20 19:31:22,150 [INFO] Target "New Target" detected — confidence 1.00 at (1030, 1132)
2026-08-20 19:31:22,251 [INFO] Clicked "New Target" at (1030, 1132)
2026-08-20 19:31:26,932 [INFO] Target "New Target" detected — confidence 0.89 at (1016, 866)
2026-08-20 19:31:27,035 [INFO] Clicked "New Target" at (1016, 866)
2026-08-20 19:31:27,038 [INFO] Target "New Target" detected — confidence 0.55 at (1024, 864)
2026-08-20 19:31:27,138 [INFO] Clicked "New Target" at (1024, 864)
2026-08-20 19:31:36,493 [INFO] Target "New Target" detected — confidence 0.99 at (1029, 1160)
2026-08-20 19:31:36,596 [INFO] Clicked "New Target" at (1029, 1160)
2026-08-20 19:31:56,895 [INFO] Target "New Target" detected — confidence 1.00 at (1030, 1132)
2026-08-20 19:31:56,998 [INFO] Clicked "New Target" at (1030, 1132)
2026-08-20 19:32:01,706 [INFO] Target "New Target" detected — confidence 0.88 at (1016, 866)
2026-08-20 19:32:01,809 [INFO] Clicked "New Target" at (1016, 866)
2026-08-20 19:32:01,812 [INFO] Target "New Target" detected — confidence 0.55 at (1024, 864)
2026-08-20 19:32:01,912 [INFO] Clicked "New Target" at (1024, 864)
2026-08-20 19:32:11,227 [INFO] Target "New Target" detected — confidence 0.99 at (1029, 1160)
2026-08-20 19:32:11,329 [INFO] Clicked "New Target" at (1029, 1160)
2026-08-20 19:32:32,072 [INFO] Target "New Target" detected — confidence 1.00 at (1030, 1132)
2026-08-20 19:32:32,175 [INFO] Clicked "New Target" at (1030, 1132)
2026-08-20 19:32:36,802 [INFO] Target "New Target" detected — confidence 0.55 at (1024, 864)
2026-08-20 19:32:36,903 [INFO] Clicked "New Target" at (1024, 864)
2026-08-20 19:32:46,655 [INFO] Target "New Target" detected — confidence 0.99 at (1029, 1160)
2026-08-20 19:32:46,757 [INFO] Clicked "New Target" at (1029, 1160)
2026-08-20 19:33:07,681 [INFO] Target "New Target" detected — confidence 1.00 at (1030, 1132)
2026-08-20 19:33:07,793 [INFO] Clicked "New Target" at (1030, 1132)
2026-08-20 19:33:12,608 [INFO] Target "New Target" detected — confidence 0.98 at (1016, 866)
2026-08-20 19:33:12,711 [INFO] Clicked "New Target" at (1016, 866)
2026-08-20 19:33:12,715 [INFO] Target "New Target" detected — confidence 0.55 at (1024, 864)
2026-08-20 19:33:12,814 [INFO] Clicked "New Target" at (1024, 864)
2026-08-20 19:33:22,133 [INFO] Target "New Target" detected — confidence 0.99 at (1029, 1160)
2026-08-20 19:33:22,234 [INFO] Clicked "New Target" at (1029, 1160)
2026-08-20 19:33:42,620 [INFO] Target "New Target" detected — confidence 1.00 at (1030, 1132)
2026-08-20 19:33:42,726 [INFO] Clicked "New Target" at (1030, 1132)
2026-08-20 19:33:47,646 [INFO] Target "New Target" detected — confidence 0.98 at (1016, 866)
2026-08-20 19:33:47,747 [INFO] Clicked "New Target" at (1016, 866)
2026-08-20 19:33:47,751 [INFO] Target "New Target" detected — confidence 0.54 at (1024, 864)
2026-08-20 19:33:47,850 [INFO] Clicked "New Target" at (1024, 864)
2026-08-20 19:33:58,178 [INFO] Target "New Target" detected — confidence 0.99 at (1029, 1160)
2026-08-20 19:33:58,293 [INFO] Clicked "New Target" at (1029, 1160)
2026-08-20 19:34:19,409 [INFO] Target "New Target" detected — confidence 1.00 at (1030, 1132)
2026-08-20 19:34:19,526 [INFO] Clicked "New Target" at (1030, 1132)
2026-08-20 19:34:24,316 [INFO] Target "New Target" detected — confidence 0.95 at (1016, 866)
2026-08-20 19:34:24,419 [INFO] Clicked "New Target" at (1016, 866)
2026-08-20 19:34:24,422 [INFO] Target "New Target" detected — confidence 0.55 at (1024, 864)
2026-08-20 19:34:24,521 [INFO] Clicked "New Target" at (1024, 864)
2026-08-20 19:34:34,561 [INFO] Target "New Target" detected — confidence 1.00 at (1029, 1160)
2026-08-20 19:34:34,676 [INFO] Clicked "New Target" at (1029, 1160)
2026-08-20 19:34:55,363 [INFO] Target "New Target" detected — confidence 1.00 at (1030, 1132)
2026-08-20 19:34:55,476 [INFO] Clicked "New Target" at (1030, 1132)
2026-08-20 19:35:00,158 [INFO] Target "New Target" detected — confidence 0.97 at (1016, 866)
2026-08-20 19:35:00,275 [INFO] Clicked "New Target" at (1016, 866)
2026-08-20 19:35:00,279 [INFO] Target "New Target" detected — confidence 0.55 at (1024, 864)
2026-08-20 19:35:00,378 [INFO] Clicked "New Target" at (1024, 864)
2026-08-20 19:35:09,811 [INFO] Target "New Target" detected — confidence 0.99 at (1029, 1160)
2026-08-20 19:35:09,915 [INFO] Clicked "New Target" at (1029, 1160)
2026-08-20 19:35:29,970 [INFO] Target "New Target" detected — confidence 1.00 at (1030, 1132)
2026-08-20 19:35:30,073 [INFO] Clicked "New Target" at (1030, 1132)
2026-08-20 19:35:34,696 [INFO] Target "New Target" detected — confidence 0.55 at (1023, 864)
2026-08-20 19:35:34,799 [INFO] Clicked "New Target" at (1023, 864)
2026-08-20 19:35:45,023 [INFO] Target "New Target" detected — confidence 1.00 at (1029, 1160)
2026-08-20 19:35:45,125 [INFO] Clicked "New Target" at (1029, 1160)
2026-08-20 19:36:05,376 [INFO] Target "New Target" detected — confidence 1.00 at (1030, 1132)
2026-08-20 19:36:05,478 [INFO] Clicked "New Target" at (1030, 1132)
2026-08-20 19:36:10,253 [INFO] Target "New Target" detected — confidence 0.95 at (1016, 866)
2026-08-20 19:36:10,358 [INFO] Clicked "New Target" at (1016, 866)
2026-08-20 19:36:10,377 [INFO] Target "New Target" detected — confidence 0.55 at (1024, 864)
2026-08-20 19:36:10,460 [INFO] Clicked "New Target" at (1024, 864)
2026-08-20 19:36:19,879 [INFO] Target "New Target" detected — confidence 0.99 at (1029, 1160)
2026-08-20 19:36:19,982 [INFO] Clicked "New Target" at (1029, 1160)
2026-08-20 19:36:40,694 [INFO] Target "New Target" detected — confidence 1.00 at (1030, 1132)
2026-08-20 19:36:40,797 [INFO] Clicked "New Target" at (1030, 1132)
2026-08-20 19:36:45,610 [INFO] Target "New Target" detected — confidence 0.89 at (1016, 866)
2026-08-20 19:36:45,712 [INFO] Clicked "New Target" at (1016, 866)
2026-08-20 19:36:45,715 [INFO] Target "New Target" detected — confidence 0.55 at (1024, 864)
2026-08-20 19:36:45,816 [INFO] Clicked "New Target" at (1024, 864)
2026-08-20 19:36:55,404 [INFO] Target "New Target" detected — confidence 0.99 at (1029, 1160)
2026-08-20 19:36:55,507 [INFO] Clicked "New Target" at (1029, 1160)
2026-08-20 19:37:16,080 [INFO] Target "New Target" detected — confidence 1.00 at (1030, 1132)
2026-08-20 19:37:16,182 [INFO] Clicked "New Target" at (1030, 1132)
2026-08-20 19:37:20,929 [INFO] Target "New Target" detected — confidence 0.89 at (1016, 866)
2026-08-20 19:37:21,032 [INFO] Clicked "New Target" at (1016, 866)
2026-08-20 19:37:21,035 [INFO] Target "New Target" detected — confidence 0.55 at (1024, 864)
2026-08-20 19:37:21,132 [INFO] Clicked "New Target" at (1024, 864)
2026-08-20 19:37:30,770 [INFO] Target "New Target" detected — confidence 0.99 at (1029, 1160)
2026-08-20 19:37:30,874 [INFO] Clicked "New Target" at (1029, 1160)
2026-08-20 19:37:52,144 [INFO] Target "New Target" detected — confidence 1.00 at (1030, 1132)
2026-08-20 19:37:52,256 [INFO] Clicked "New Target" at (1030, 1132)
2026-08-20 19:37:57,038 [INFO] Target "New Target" detected — confidence 0.55 at (1024, 864)
2026-08-20 19:37:57,140 [INFO] Clicked "New Target" at (1024, 864)
2026-08-20 19:38:06,720 [INFO] Target "New Target" detected — confidence 0.99 at (1029, 1160)
2026-08-20 19:38:06,839 [INFO] Clicked "New Target" at (1029, 1160)
2026-08-20 19:38:32,265 [INFO] Target "New Target" detected — confidence 1.00 at (1030, 1132)
2026-08-20 19:38:32,372 [INFO] Clicked "New Target" at (1030, 1132)
2026-08-20 19:38:36,966 [INFO] Target "New Target" detected — confidence 0.55 at (1023, 864)
2026-08-20 19:38:37,068 [INFO] Clicked "New Target" at (1023, 864)
2026-08-20 19:38:47,214 [INFO] Target "New Target" detected — confidence 0.99 at (1029, 1160)
2026-08-20 19:38:47,317 [INFO] Clicked "New Target" at (1029, 1160)
2026-08-20 19:39:07,831 [INFO] Target "New Target" detected — confidence 1.00 at (1030, 1132)
2026-08-20 19:39:07,934 [INFO] Clicked "New Target" at (1030, 1132)
2026-08-20 19:39:12,670 [INFO] Target "New Target" detected — confidence 0.95 at (1016, 866)
2026-08-20 19:39:12,772 [INFO] Clicked "New Target" at (1016, 866)
2026-08-20 19:39:12,776 [INFO] Target "New Target" detected — confidence 0.55 at (1024, 864)
2026-08-20 19:39:12,875 [INFO] Clicked "New Target" at (1024, 864)
2026-08-20 19:39:22,300 [INFO] Target "New Target" detected — confidence 0.99 at (1029, 1160)
2026-08-20 19:39:22,404 [INFO] Clicked "New Target" at (1029, 1160)
2026-08-20 19:39:48,274 [INFO] Target "New Target" detected — confidence 1.00 at (1030, 1132)
2026-08-20 19:39:48,376 [INFO] Clicked "New Target" at (1030, 1132)
2026-08-20 19:39:52,976 [INFO] Target "New Target" detected — confidence 0.89 at (1016, 866)
2026-08-20 19:39:53,078 [INFO] Clicked "New Target" at (1016, 866)
2026-08-20 19:39:53,080 [INFO] Target "New Target" detected — confidence 0.55 at (1023, 864)
2026-08-20 19:39:53,180 [INFO] Clicked "New Target" at (1023, 864)
2026-08-20 19:40:02,892 [INFO] Target "New Target" detected — confidence 0.99 at (1029, 1160)
2026-08-20 19:40:02,995 [INFO] Clicked "New Target" at (1029, 1160)
2026-08-20 19:40:28,617 [INFO] Target "New Target" detected — confidence 1.00 at (1030, 1132)
2026-08-20 19:40:28,719 [INFO] Clicked "New Target" at (1030, 1132)
2026-08-20 19:40:33,647 [INFO] Target "New Target" detected — confidence 0.99 at (1016, 866)
2026-08-20 19:40:33,749 [INFO] Clicked "New Target" at (1016, 866)
2026-08-20 19:40:33,752 [INFO] Target "New Target" detected — confidence 0.54 at (1024, 864)
2026-08-20 19:40:33,852 [INFO] Clicked "New Target" at (1024, 864)
2026-08-20 19:40:43,451 [INFO] Target "New Target" detected — confidence 0.99 at (1029, 1160)
2026-08-20 19:40:43,554 [INFO] Clicked "New Target" at (1029, 1160)
2026-08-20 19:41:09,438 [INFO] Target "New Target" detected — confidence 1.00 at (1030, 1132)
2026-08-20 19:41:09,540 [INFO] Clicked "New Target" at (1030, 1132)
2026-08-20 19:41:14,562 [INFO] Target "New Target" detected — confidence 0.96 at (1022, 1016)
2026-08-20 19:41:14,664 [INFO] Clicked "New Target" at (1022, 1016)
2026-08-20 19:41:19,414 [INFO] Target "New Target" detected — confidence 0.99 at (1016, 866)
2026-08-20 19:41:19,517 [INFO] Clicked "New Target" at (1016, 866)
2026-08-20 19:41:19,520 [INFO] Target "New Target" detected — confidence 0.54 at (1024, 864)
2026-08-20 19:41:19,620 [INFO] Clicked "New Target" at (1024, 864)
2026-08-20 19:41:29,190 [INFO] Target "New Target" detected — confidence 0.99 at (1029, 1160)
2026-08-20 19:41:29,293 [INFO] Clicked "New Target" at (1029, 1160)
2026-08-20 19:42:00,727 [INFO] Target "New Target" detected — confidence 1.00 at (1030, 1132)
2026-08-20 19:42:00,836 [INFO] Clicked "New Target" at (1030, 1132)
2026-08-20 19:42:05,657 [INFO] Target "New Target" detected — confidence 0.92 at (1016, 866)
2026-08-20 19:42:05,769 [INFO] Clicked "New Target" at (1016, 866)
2026-08-20 19:42:05,772 [INFO] Target "New Target" detected — confidence 0.55 at (1024, 864)
2026-08-20 19:42:05,871 [INFO] Clicked "New Target" at (1024, 864)
2026-08-20 19:42:15,420 [INFO] Target "New Target" detected — confidence 0.99 at (1029, 1160)
2026-08-20 19:42:15,521 [INFO] Clicked "New Target" at (1029, 1160)
2026-08-20 19:42:40,921 [INFO] Target "New Target" detected — confidence 1.00 at (1030, 1132)
2026-08-20 19:42:41,023 [INFO] Clicked "New Target" at (1030, 1132)
2026-08-20 19:42:45,666 [INFO] Target "New Target" detected — confidence 0.94 at (1016, 866)
2026-08-20 19:42:45,769 [INFO] Clicked "New Target" at (1016, 866)
2026-08-20 19:42:45,772 [INFO] Target "New Target" detected — confidence 0.55 at (1023, 864)
2026-08-20 19:42:45,871 [INFO] Clicked "New Target" at (1023, 864)
2026-08-20 19:42:55,526 [INFO] Target "New Target" detected — confidence 0.98 at (1029, 1160)
2026-08-20 19:42:55,628 [INFO] Clicked "New Target" at (1029, 1160)
2026-08-20 19:43:26,236 [INFO] Target "New Target" detected — confidence 1.00 at (1030, 1132)
2026-08-20 19:43:26,350 [INFO] Clicked "New Target" at (1030, 1132)
2026-08-20 19:43:31,205 [INFO] Target "New Target" detected — confidence 0.97 at (1016, 866)
2026-08-20 19:43:31,317 [INFO] Clicked "New Target" at (1016, 866)
2026-08-20 19:43:31,319 [INFO] Target "New Target" detected — confidence 0.55 at (1024, 864)
2026-08-20 19:43:31,420 [INFO] Clicked "New Target" at (1024, 864)
2026-08-20 19:43:41,149 [INFO] Target "New Target" detected — confidence 0.98 at (1029, 1160)
2026-08-20 19:43:41,252 [INFO] Clicked "New Target" at (1029, 1160)
2026-08-20 19:44:08,458 [INFO] Target "New Target" detected — confidence 1.00 at (1030, 1132)
2026-08-20 19:44:08,567 [INFO] Clicked "New Target" at (1030, 1132)
2026-08-20 19:44:13,492 [INFO] Target "New Target" detected — confidence 0.99 at (1016, 866)
2026-08-20 19:44:13,600 [INFO] Clicked "New Target" at (1016, 866)
2026-08-20 19:44:13,604 [INFO] Target "New Target" detected — confidence 0.55 at (1024, 864)
2026-08-20 19:44:13,703 [INFO] Clicked "New Target" at (1024, 864)
2026-08-20 19:44:23,849 [INFO] Target "New Target" detected — confidence 0.99 at (1029, 1160)
2026-08-20 19:44:23,953 [INFO] Clicked "New Target" at (1029, 1160)
2026-08-20 19:45:00,770 [INFO] Target "New Target" detected — confidence 1.00 at (1030, 1132)
2026-08-20 19:45:00,882 [INFO] Clicked "New Target" at (1030, 1132)
2026-08-20 19:45:05,692 [INFO] Target "New Target" detected — confidence 0.94 at (1016, 866)
2026-08-20 19:45:05,799 [INFO] Clicked "New Target" at (1016, 866)
2026-08-20 19:45:05,802 [INFO] Target "New Target" detected — confidence 0.55 at (1024, 864)
2026-08-20 19:45:05,901 [INFO] Clicked "New Target" at (1024, 864)
2026-08-20 19:45:15,551 [INFO] Target "New Target" detected — confidence 0.99 at (1029, 1160)
2026-08-20 19:45:15,655 [INFO] Clicked "New Target" at (1029, 1160)
2026-08-20 19:45:41,377 [INFO] Target "New Target" detected — confidence 1.00 at (1030, 1132)
2026-08-20 19:45:41,479 [INFO] Clicked "New Target" at (1030, 1132)
2026-08-20 19:45:46,255 [INFO] Target "New Target" detected — confidence 0.94 at (1016, 866)
2026-08-20 19:45:46,358 [INFO] Clicked "New Target" at (1016, 866)
2026-08-20 19:45:46,361 [INFO] Target "New Target" detected — confidence 0.55 at (1024, 864)
2026-08-20 19:45:46,461 [INFO] Clicked "New Target" at (1024, 864)
2026-08-20 19:45:56,205 [INFO] Target "New Target" detected — confidence 0.98 at (1029, 1160)
2026-08-20 19:45:56,308 [INFO] Clicked "New Target" at (1029, 1160)
2026-08-20 19:46:27,358 [INFO] Target "New Target" detected — confidence 1.00 at (1030, 1132)
2026-08-20 19:46:27,465 [INFO] Clicked "New Target" at (1030, 1132)
2026-08-20 19:46:32,345 [INFO] Target "New Target" detected — confidence 0.97 at (1016, 866)
2026-08-20 19:46:32,464 [INFO] Clicked "New Target" at (1016, 866)
2026-08-20 19:46:32,466 [INFO] Target "New Target" detected — confidence 0.55 at (1024, 864)
2026-08-20 19:46:32,566 [INFO] Clicked "New Target" at (1024, 864)
2026-08-20 19:46:42,058 [INFO] Target "New Target" detected — confidence 0.99 at (1029, 1160)
2026-08-20 19:46:42,160 [INFO] Clicked "New Target" at (1029, 1160)
2026-08-20 19:47:08,081 [INFO] Target "New Target" detected — confidence 0.88 at (1031, 1112)
2026-08-20 19:47:08,184 [INFO] Clicked "New Target" at (1031, 1112)
2026-08-20 19:47:12,957 [INFO] Target "New Target" detected — confidence 0.94 at (1016, 866)
2026-08-20 19:47:13,058 [INFO] Clicked "New Target" at (1016, 866)
2026-08-20 19:47:13,062 [INFO] Target "New Target" detected — confidence 0.55 at (1024, 864)
2026-08-20 19:47:13,161 [INFO] Clicked "New Target" at (1024, 864)
2026-08-20 19:47:22,652 [INFO] Target "New Target" detected — confidence 0.99 at (1029, 1160)
2026-08-20 19:47:22,755 [INFO] Clicked "New Target" at (1029, 1160)
2026-08-20 19:47:48,358 [INFO] Target "New Target" detected — confidence 1.00 at (1030, 1132)
2026-08-20 19:47:48,461 [INFO] Clicked "New Target" at (1030, 1132)
2026-08-20 19:47:53,247 [INFO] Target "New Target" detected — confidence 0.99 at (1016, 866)
2026-08-20 19:47:53,350 [INFO] Clicked "New Target" at (1016, 866)
2026-08-20 19:47:53,354 [INFO] Target "New Target" detected — confidence 0.55 at (1024, 864)
2026-08-20 19:47:53,453 [INFO] Clicked "New Target" at (1024, 864)
2026-08-20 19:48:03,163 [INFO] Target "New Target" detected — confidence 0.98 at (1029, 1160)
2026-08-20 19:48:03,265 [INFO] Clicked "New Target" at (1029, 1160)
2026-08-20 19:48:28,880 [INFO] Target "New Target" detected — confidence 1.00 at (1030, 1132)
2026-08-20 19:48:28,984 [INFO] Clicked "New Target" at (1030, 1132)
2026-08-20 19:48:33,738 [INFO] Target "New Target" detected — confidence 0.97 at (1016, 866)
2026-08-20 19:48:33,840 [INFO] Clicked "New Target" at (1016, 866)
2026-08-20 19:48:33,844 [INFO] Target "New Target" detected — confidence 0.55 at (1024, 864)
2026-08-20 19:48:33,943 [INFO] Clicked "New Target" at (1024, 864)
2026-08-20 19:48:43,677 [INFO] Target "New Target" detected — confidence 0.98 at (1029, 1160)
2026-08-20 19:48:43,780 [INFO] Clicked "New Target" at (1029, 1160)
2026-08-20 19:49:09,500 [INFO] Target "New Target" detected — confidence 1.00 at (1030, 1132)
2026-08-20 19:49:09,604 [INFO] Clicked "New Target" at (1030, 1132)
2026-08-20 19:49:14,349 [INFO] Target "New Target" detected — confidence 0.55 at (1024, 864)
2026-08-20 19:49:14,450 [INFO] Clicked "New Target" at (1024, 864)
2026-08-20 19:49:24,200 [INFO] Target "New Target" detected — confidence 0.98 at (1029, 1160)
2026-08-20 19:49:24,304 [INFO] Clicked "New Target" at (1029, 1160)
2026-08-20 19:50:01,290 [INFO] Target "New Target" detected — confidence 1.00 at (1030, 1132)
2026-08-20 19:50:01,394 [INFO] Clicked "New Target" at (1030, 1132)
2026-08-20 19:50:06,370 [INFO] Target "New Target" detected — confidence 0.97 at (1016, 866)
2026-08-20 19:50:06,478 [INFO] Clicked "New Target" at (1016, 866)
2026-08-20 19:50:06,482 [INFO] Target "New Target" detected — confidence 0.54 at (1024, 864)
2026-08-20 19:50:06,580 [INFO] Clicked "New Target" at (1024, 864)
2026-08-20 19:50:16,110 [INFO] Target "New Target" detected — confidence 0.99 at (1029, 1160)
2026-08-20 19:50:16,212 [INFO] Clicked "New Target" at (1029, 1160)
2026-08-20 19:50:41,980 [INFO] Target "New Target" detected — confidence 1.00 at (1030, 1132)
2026-08-20 19:50:42,094 [INFO] Clicked "New Target" at (1030, 1132)
2026-08-20 19:50:46,856 [INFO] Target "New Target" detected — confidence 0.89 at (1016, 866)
2026-08-20 19:50:46,959 [INFO] Clicked "New Target" at (1016, 866)
2026-08-20 19:50:46,962 [INFO] Target "New Target" detected — confidence 0.55 at (1024, 864)
2026-08-20 19:50:47,062 [INFO] Clicked "New Target" at (1024, 864)
2026-08-20 19:50:56,383 [INFO] Target "New Target" detected — confidence 1.00 at (1029, 1160)
2026-08-20 19:50:56,486 [INFO] Clicked "New Target" at (1029, 1160)
2026-08-20 19:51:21,654 [INFO] Target "New Target" detected — confidence 1.00 at (1030, 1132)
2026-08-20 19:51:21,757 [INFO] Clicked "New Target" at (1030, 1132)
2026-08-20 19:51:26,572 [INFO] Target "New Target" detected — confidence 0.99 at (1016, 866)
2026-08-20 19:51:26,676 [INFO] Clicked "New Target" at (1016, 866)
2026-08-20 19:51:26,679 [INFO] Target "New Target" detected — confidence 0.55 at (1024, 864)
2026-08-20 19:51:26,778 [INFO] Clicked "New Target" at (1024, 864)
2026-08-20 19:51:36,080 [INFO] Target "New Target" detected — confidence 0.99 at (1029, 1160)
2026-08-20 19:51:36,183 [INFO] Clicked "New Target" at (1029, 1160)
2026-08-20 19:51:56,506 [INFO] Target "New Target" detected — confidence 1.00 at (1030, 1134)
2026-08-20 19:51:56,608 [INFO] Clicked "New Target" at (1030, 1134)
2026-08-20 19:52:01,460 [INFO] Target "New Target" detected — confidence 0.97 at (1016, 866)
2026-08-20 19:52:01,563 [INFO] Clicked "New Target" at (1016, 866)
2026-08-20 19:52:01,566 [INFO] Target "New Target" detected — confidence 0.55 at (1024, 864)
2026-08-20 19:52:01,664 [INFO] Clicked "New Target" at (1024, 864)
2026-08-20 19:52:11,346 [INFO] Target "New Target" detected — confidence 0.98 at (1029, 1160)
2026-08-20 19:52:11,450 [INFO] Clicked "New Target" at (1029, 1160)
2026-08-20 19:52:42,636 [INFO] Target "New Target" detected — confidence 1.00 at (1030, 1132)
2026-08-20 19:52:42,741 [INFO] Clicked "New Target" at (1030, 1132)
2026-08-20 19:52:47,545 [INFO] Target "New Target" detected — confidence 0.98 at (1016, 866)
2026-08-20 19:52:47,658 [INFO] Clicked "New Target" at (1016, 866)
2026-08-20 19:52:47,662 [INFO] Target "New Target" detected — confidence 0.55 at (1024, 864)
2026-08-20 19:52:47,761 [INFO] Clicked "New Target" at (1024, 864)
2026-08-20 19:52:57,482 [INFO] Target "New Target" detected — confidence 0.98 at (1029, 1160)
2026-08-20 19:52:57,585 [INFO] Clicked "New Target" at (1029, 1160)
2026-08-20 19:53:28,893 [INFO] Target "New Target" detected — confidence 1.00 at (1030, 1132)
2026-08-20 19:53:29,008 [INFO] Clicked "New Target" at (1030, 1132)
2026-08-20 19:53:33,678 [INFO] Target "New Target" detected — confidence 0.97 at (1016, 866)
2026-08-20 19:53:33,790 [INFO] Clicked "New Target" at (1016, 866)
2026-08-20 19:53:33,793 [INFO] Target "New Target" detected — confidence 0.55 at (1024, 864)
2026-08-20 19:53:33,893 [INFO] Clicked "New Target" at (1024, 864)
2026-08-20 19:53:43,373 [INFO] Target "New Target" detected — confidence 0.99 at (1029, 1160)
2026-08-20 19:53:43,476 [INFO] Clicked "New Target" at (1029, 1160)
2026-08-20 19:54:14,988 [INFO] Automation paused.
2026-08-20 19:54:16,169 [INFO] Target "New Target" detected — confidence 1.00 at (1011, 1091)
2026-08-20 19:54:16,274 [INFO] Clicked "New Target" at (1011, 1091)
2026-08-20 20:02:04,221 [INFO] Target 'New Target' added.
2026-08-20 20:02:26,516 [INFO] Target 'New Target' added.
2026-08-20 20:02:35,169 [INFO] Target 'New Target' added.
2026-08-20 20:02:58,548 [INFO] Target 'New Target' added.
2026-08-20 20:03:05,401 [INFO] Automation resumed.
2026-08-20 20:03:17,663 [INFO] Target "New Target" detected — confidence 0.94 at (1074, 938)
2026-08-20 20:03:17,782 [INFO] Clicked "New Target" at (1074, 938)
2026-08-20 20:03:31,271 [INFO] Target "New Target" detected — confidence 1.00 at (1074, 1160)
2026-08-20 20:03:31,385 [INFO] Clicked "New Target" at (1074, 1160)
2026-08-20 20:04:04,157 [INFO] Target "New Target" detected — confidence 1.00 at (1075, 1132)
2026-08-20 20:04:04,265 [INFO] Clicked "New Target" at (1075, 1132)
2026-08-20 20:04:11,175 [INFO] Target "New Target" detected — confidence 0.99 at (1251, 626)
2026-08-20 20:04:11,278 [INFO] Clicked "New Target" at (1251, 626)
2026-08-20 20:04:31,300 [INFO] Target "New Target" detected — confidence 1.00 at (1280, 853)
2026-08-20 20:04:31,416 [INFO] Clicked "New Target" at (1280, 853)
2026-08-20 20:04:33,107 [INFO] Automation paused.
2026-08-20 20:04:33,879 [INFO] Automation resumed.
2026-08-20 20:04:35,777 [INFO] Automation paused.
2026-08-20 20:04:42,362 [INFO] Target 'New Target' added.
2026-08-20 20:04:44,674 [INFO] Automation resumed.
2026-08-20 20:04:51,482 [INFO] Target "New Target" detected — confidence 1.00 at (1280, 853)
2026-08-20 20:04:51,598 [INFO] Clicked "New Target" at (1280, 853)
2026-08-20 20:04:51,600 [INFO] Target "New Target" detected — confidence 1.00 at (1067, 606)
2026-08-20 20:04:51,700 [INFO] Clicked "New Target" at (1067, 606)
2026-08-20 20:05:07,713 [INFO] Target 'New Target' added.
2026-08-20 20:05:23,820 [INFO] Target "New Target" detected — confidence 0.91 at (1074, 938)
2026-08-20 20:05:23,930 [INFO] Clicked "New Target" at (1074, 938)
2026-08-20 20:05:38,861 [INFO] Target "New Target" detected — confidence 0.98 at (1074, 1160)
2026-08-20 20:05:38,979 [INFO] Clicked "New Target" at (1074, 1160)
2026-08-20 20:06:08,978 [INFO] Target "New Target" detected — confidence 1.00 at (1075, 1132)
2026-08-20 20:06:09,096 [INFO] Clicked "New Target" at (1075, 1132)
2026-08-20 20:06:16,362 [INFO] Target "New Target" detected — confidence 0.97 at (988, 512)
2026-08-20 20:06:16,463 [INFO] Clicked "New Target" at (988, 512)
2026-08-20 20:06:23,386 [INFO] Target "New Target" detected — confidence 0.90 at (1069, 799)
2026-08-20 20:06:23,488 [INFO] Clicked "New Target" at (1069, 799)
2026-08-20 20:06:28,553 [INFO] Target 'New Target' added.
2026-08-20 20:06:36,376 [INFO] Target "New Target" detected — confidence 0.98 at (1065, 853)
2026-08-20 20:06:36,495 [INFO] Clicked "New Target" at (1065, 853)
2026-08-20 20:06:36,498 [INFO] Target "New Target" detected — confidence 1.00 at (856, 608)
2026-08-20 20:06:36,597 [INFO] Clicked "New Target" at (856, 608)
2026-08-20 20:06:50,680 [INFO] Target 'New Target' added.
2026-08-20 20:07:01,403 [INFO] Target "New Target" detected — confidence 0.98 at (1062, 388)
2026-08-20 20:07:01,513 [INFO] Clicked "New Target" at (1062, 388)
2026-08-20 20:07:02,516 [INFO] Target 'New Target' added.
2026-08-20 20:07:12,947 [INFO] Target 'New Target' added.
2026-08-20 20:07:14,893 [INFO] Target "New Target" detected — confidence 0.97 at (906, 614)
2026-08-20 20:07:15,013 [INFO] Clicked "New Target" at (906, 614)
2026-08-20 20:07:15,016 [INFO] Target "New Target" detected — confidence 0.98 at (991, 511)
2026-08-20 20:07:15,114 [INFO] Clicked "New Target" at (991, 511)
2026-08-20 20:07:32,154 [INFO] Target "New Target" detected — confidence 0.99 at (1146, 513)
2026-08-20 20:07:32,262 [INFO] Clicked "New Target" at (1146, 513)
2026-08-20 20:07:40,328 [INFO] Target "New Target" detected — confidence 0.95 at (1068, 443)
2026-08-20 20:07:40,431 [INFO] Clicked "New Target" at (1068, 443)
2026-08-20 20:07:57,261 [INFO] Target "New Target" detected — confidence 0.97 at (902, 591)
2026-08-20 20:07:57,378 [INFO] Clicked "New Target" at (902, 591)
2026-08-20 20:08:14,502 [INFO] Target "New Target" detected — confidence 0.93 at (1074, 938)
2026-08-20 20:08:14,611 [INFO] Clicked "New Target" at (1074, 938)
2026-08-20 20:09:44,756 [INFO] Target "New Target" detected — confidence 0.89 at (1067, 1056)
2026-08-20 20:09:44,875 [INFO] Clicked "New Target" at (1067, 1056)
2026-08-20 20:10:38,067 [INFO] Target "New Target" detected — confidence 0.89 at (1067, 1056)
2026-08-20 20:10:38,176 [INFO] Clicked "New Target" at (1067, 1056)
2026-08-20 20:11:31,768 [INFO] Target "New Target" detected — confidence 0.94 at (1074, 1044)
2026-08-20 20:11:31,874 [INFO] Clicked "New Target" at (1074, 1044)
2026-08-20 20:11:57,682 [INFO] Target "New Target" detected — confidence 0.88 at (1074, 1044)
2026-08-20 20:11:57,791 [INFO] Clicked "New Target" at (1074, 1044)
2026-08-20 20:12:14,931 [INFO] Target "New Target" detected — confidence 0.95 at (1074, 1044)
2026-08-20 20:12:15,035 [INFO] Clicked "New Target" at (1074, 1044)
2026-08-20 20:12:31,651 [INFO] Target "New Target" detected — confidence 0.96 at (1074, 1044)
2026-08-20 20:12:31,753 [INFO] Clicked "New Target" at (1074, 1044)
2026-08-20 20:13:06,401 [INFO] Target "New Target" detected — confidence 0.88 at (1074, 1044)
2026-08-20 20:13:06,505 [INFO] Clicked "New Target" at (1074, 1044)
2026-08-20 20:13:33,349 [INFO] Target "New Target" detected — confidence 0.87 at (1075, 1058)
2026-08-20 20:13:33,454 [INFO] Clicked "New Target" at (1075, 1058)
2026-08-20 20:13:33,458 [INFO] Target "New Target" detected — confidence 0.89 at (1067, 1056)
2026-08-20 20:13:33,558 [INFO] Clicked "New Target" at (1067, 1056)
2026-08-20 20:13:36,074 [INFO] Automation paused.
2026-08-20 20:17:42,512 [INFO] Automation resumed.
2026-08-20 20:17:59,563 [INFO] Target "New Target" detected — confidence 0.99 at (1074, 1160)
2026-08-20 20:17:59,693 [INFO] Clicked "New Target" at (1074, 1160)
2026-08-20 20:18:33,936 [INFO] Target "New Target" detected — confidence 1.00 at (1066, 1087)
2026-08-20 20:18:34,050 [INFO] Clicked "New Target" at (1066, 1087)
2026-08-20 20:18:50,800 [INFO] Target "New Target" detected — confidence 1.00 at (1074, 1160)
2026-08-20 20:18:50,917 [INFO] Clicked "New Target" at (1074, 1160)
2026-08-20 20:19:24,390 [INFO] Target "New Target" detected — confidence 1.00 at (1066, 1087)
2026-08-20 20:19:24,500 [INFO] Clicked "New Target" at (1066, 1087)
2026-08-20 20:19:41,617 [INFO] Target "New Target" detected — confidence 0.91 at (1074, 943)
2026-08-20 20:19:41,732 [INFO] Clicked "New Target" at (1074, 943)
2026-08-20 20:19:58,332 [INFO] Target "New Target" detected — confidence 1.00 at (1074, 1160)
2026-08-20 20:19:58,435 [INFO] Clicked "New Target" at (1074, 1160)
2026-08-20 20:20:49,942 [INFO] Target "New Target" detected — confidence 1.00 at (1066, 1087)
2026-08-20 20:20:50,049 [INFO] Clicked "New Target" at (1066, 1087)
2026-08-20 20:21:06,888 [INFO] Target "New Target" detected — confidence 0.98 at (1074, 1160)
2026-08-20 20:21:06,999 [INFO] Clicked "New Target" at (1074, 1160)
2026-08-20 20:21:41,164 [INFO] Target "New Target" detected — confidence 1.00 at (1066, 1087)
2026-08-20 20:21:41,281 [INFO] Clicked "New Target" at (1066, 1087)
2026-08-20 20:21:58,159 [INFO] Target "New Target" detected — confidence 1.00 at (1074, 1160)
2026-08-20 20:21:58,264 [INFO] Clicked "New Target" at (1074, 1160)
2026-08-20 20:22:32,240 [INFO] Target "New Target" detected — confidence 1.00 at (1066, 1087)
2026-08-20 20:22:32,347 [INFO] Clicked "New Target" at (1066, 1087)
2026-08-20 20:22:49,099 [INFO] Target "New Target" detected — confidence 1.00 at (1074, 1160)
2026-08-20 20:22:49,213 [INFO] Clicked "New Target" at (1074, 1160)
2026-08-20 20:23:31,578 [INFO] Target "New Target" detected — confidence 1.00 at (1066, 1087)
2026-08-20 20:23:31,696 [INFO] Clicked "New Target" at (1066, 1087)
2026-08-20 20:23:49,001 [INFO] Target "New Target" detected — confidence 0.91 at (1074, 943)
2026-08-20 20:23:49,112 [INFO] Clicked "New Target" at (1074, 943)
2026-08-20 20:24:07,206 [INFO] Target "New Target" detected — confidence 1.00 at (1074, 1160)
2026-08-20 20:24:07,313 [INFO] Clicked "New Target" at (1074, 1160)
2026-08-20 20:24:41,172 [INFO] Automation paused.
2026-08-20 20:24:44,349 [INFO] Target "New Target" detected — confidence 1.00 at (1056, 1091)
2026-08-20 20:24:44,461 [INFO] Clicked "New Target" at (1056, 1091)
2026-08-21 05:15:22,829 [INFO] Loaded 26 target(s) from profile 'default'.
